{"ContentRoots":["C:\\Users\\oyinl\\Desktop\\UJ School work\\Semester 2\\Zurisoft App\\KountaWebApp-master\\KountaWebApp-master\\KountaApp\\wwwroot\\","C:\\Users\\oyinl\\.nuget\\packages\\microsoft.aspnetcore.identity.ui\\6.0.20\\staticwebassets\\V5\\","C:\\Users\\oyinl\\Desktop\\UJ School work\\Semester 2\\Zurisoft App\\KountaWebApp-master\\KountaWebApp-master\\KountaApp\\obj\\Debug\\net6.0\\scopedcss\\bundle\\"],"Root":{"Children":{"assets":{"Children":{"css":{"Children":{"Demo.css":{"Children":null,"Asset":{"ContentRootIndex":0,"SubPath":"assets/css/Demo.css"},"Patterns":null},"style.css":{"Children":null,"Asset":{"ContentRootIndex":0,"SubPath":"assets/css/style.css"},"Patterns":null},"style2.css":{"Children":null,"Asset":{"ContentRootIndex":0,"SubPath":"assets/css/style2.css"},"Patterns":null}},"Asset":null,"Patterns":null},"img":{"Children":{"apple-touch-icon.png":{"Children":null,"Asset":{"ContentRootIndex":0,"SubPath":"assets/img/apple-touch-icon.png"},"Patterns":null},"business_1.jpeg":{"Children":null,"Asset":{"ContentRootIndex":0,"SubPath":"assets/img/business_1.jpeg"},"Patterns":null},"card.jpg":{"Children":null,"Asset":{"ContentRootIndex":0,"SubPath":"assets/img/card.jpg"},"Patterns":null},"clients":{"Children":{"client-1.png":{"Children":null,"Asset":{"ContentRootIndex":0,"SubPath":"assets/img/clients/client-1.png"},"Patterns":null},"client-2.png":{"Children":null,"Asset":{"ContentRootIndex":0,"SubPath":"assets/img/clients/client-2.png"},"Patterns":null},"client-3.png":{"Children":null,"Asset":{"ContentRootIndex":0,"SubPath":"assets/img/clients/client-3.png"},"Patterns":null},"client-4.png":{"Children":null,"Asset":{"ContentRootIndex":0,"SubPath":"assets/img/clients/client-4.png"},"Patterns":null},"client-5.png":{"Children":null,"Asset":{"ContentRootIndex":0,"SubPath":"assets/img/clients/client-5.png"},"Patterns":null},"client-6.png":{"Children":null,"Asset":{"ContentRootIndex":0,"SubPath":"assets/img/clients/client-6.png"},"Patterns":null}},"Asset":null,"Patterns":null},"comp_4.gif":{"Children":null,"Asset":{"ContentRootIndex":0,"SubPath":"assets/img/comp_4.gif"},"Patterns":null},"cta-bg.jpg":{"Children":null,"Asset":{"ContentRootIndex":0,"SubPath":"assets/img/cta-bg.jpg"},"Patterns":null},"employeespic.jpeg":{"Children":null,"Asset":{"ContentRootIndex":0,"SubPath":"assets/img/employeespic.jpeg"},"Patterns":null},"favicon.png":{"Children":null,"Asset":{"ContentRootIndex":0,"SubPath":"assets/img/favicon.png"},"Patterns":null},"hero-img.png":{"Children":null,"Asset":{"ContentRootIndex":0,"SubPath":"assets/img/hero-img.png"},"Patterns":null},"icon1.png":{"Children":null,"Asset":{"ContentRootIndex":0,"SubPath":"assets/img/icon1.png"},"Patterns":null},"kounta employees.jpeg":{"Children":null,"Asset":{"ContentRootIndex":0,"SubPath":"assets/img/kounta employees.jpeg"},"Patterns":null},"logo-icon.png":{"Children":null,"Asset":{"ContentRootIndex":0,"SubPath":"assets/img/logo-icon.png"},"Patterns":null},"logo.png":{"Children":null,"Asset":{"ContentRootIndex":0,"SubPath":"assets/img/logo.png"},"Patterns":null},"logo1.png":{"Children":null,"Asset":{"ContentRootIndex":0,"SubPath":"assets/img/logo1.png"},"Patterns":null},"logo_Kounta.png":{"Children":null,"Asset":{"ContentRootIndex":0,"SubPath":"assets/img/logo_Kounta.png"},"Patterns":null},"messages-1.jpg":{"Children":null,"Asset":{"ContentRootIndex":0,"SubPath":"assets/img/messages-1.jpg"},"Patterns":null},"messages-2.jpg":{"Children":null,"Asset":{"ContentRootIndex":0,"SubPath":"assets/img/messages-2.jpg"},"Patterns":null},"messages-3.jpg":{"Children":null,"Asset":{"ContentRootIndex":0,"SubPath":"assets/img/messages-3.jpg"},"Patterns":null},"news-1.jpg":{"Children":null,"Asset":{"ContentRootIndex":0,"SubPath":"assets/img/news-1.jpg"},"Patterns":null},"news-2.jpg":{"Children":null,"Asset":{"ContentRootIndex":0,"SubPath":"assets/img/news-2.jpg"},"Patterns":null},"news-3.jpg":{"Children":null,"Asset":{"ContentRootIndex":0,"SubPath":"assets/img/news-3.jpg"},"Patterns":null},"news-4.jpg":{"Children":null,"Asset":{"ContentRootIndex":0,"SubPath":"assets/img/news-4.jpg"},"Patterns":null},"news-5.jpg":{"Children":null,"Asset":{"ContentRootIndex":0,"SubPath":"assets/img/news-5.jpg"},"Patterns":null},"not-found.svg":{"Children":null,"Asset":{"ContentRootIndex":0,"SubPath":"assets/img/not-found.svg"},"Patterns":null},"portfolio":{"Children":{"portfolio-1.jpg":{"Children":null,"Asset":{"ContentRootIndex":0,"SubPath":"assets/img/portfolio/portfolio-1.jpg"},"Patterns":null},"portfolio-2.jpg":{"Children":null,"Asset":{"ContentRootIndex":0,"SubPath":"assets/img/portfolio/portfolio-2.jpg"},"Patterns":null},"portfolio-3.jpg":{"Children":null,"Asset":{"ContentRootIndex":0,"SubPath":"assets/img/portfolio/portfolio-3.jpg"},"Patterns":null},"portfolio-4.jpg":{"Children":null,"Asset":{"ContentRootIndex":0,"SubPath":"assets/img/portfolio/portfolio-4.jpg"},"Patterns":null},"portfolio-5.jpg":{"Children":null,"Asset":{"ContentRootIndex":0,"SubPath":"assets/img/portfolio/portfolio-5.jpg"},"Patterns":null},"portfolio-6.jpg":{"Children":null,"Asset":{"ContentRootIndex":0,"SubPath":"assets/img/portfolio/portfolio-6.jpg"},"Patterns":null},"portfolio-7.jpg":{"Children":null,"Asset":{"ContentRootIndex":0,"SubPath":"assets/img/portfolio/portfolio-7.jpg"},"Patterns":null},"portfolio-8.jpg":{"Children":null,"Asset":{"ContentRootIndex":0,"SubPath":"assets/img/portfolio/portfolio-8.jpg"},"Patterns":null},"portfolio-9.jpg":{"Children":null,"Asset":{"ContentRootIndex":0,"SubPath":"assets/img/portfolio/portfolio-9.jpg"},"Patterns":null},"portfolio-details-1.jpg":{"Children":null,"Asset":{"ContentRootIndex":0,"SubPath":"assets/img/portfolio/portfolio-details-1.jpg"},"Patterns":null},"portfolio-details-2.jpg":{"Children":null,"Asset":{"ContentRootIndex":0,"SubPath":"assets/img/portfolio/portfolio-details-2.jpg"},"Patterns":null},"portfolio-details-3.jpg":{"Children":null,"Asset":{"ContentRootIndex":0,"SubPath":"assets/img/portfolio/portfolio-details-3.jpg"},"Patterns":null}},"Asset":null,"Patterns":null},"product-1.jpg":{"Children":null,"Asset":{"ContentRootIndex":0,"SubPath":"assets/img/product-1.jpg"},"Patterns":null},"product-2.jpg":{"Children":null,"Asset":{"ContentRootIndex":0,"SubPath":"assets/img/product-2.jpg"},"Patterns":null},"product-3.jpg":{"Children":null,"Asset":{"ContentRootIndex":0,"SubPath":"assets/img/product-3.jpg"},"Patterns":null},"product-4.jpg":{"Children":null,"Asset":{"ContentRootIndex":0,"SubPath":"assets/img/product-4.jpg"},"Patterns":null},"product-5.jpg":{"Children":null,"Asset":{"ContentRootIndex":0,"SubPath":"assets/img/product-5.jpg"},"Patterns":null},"profile-img.jpg":{"Children":null,"Asset":{"ContentRootIndex":0,"SubPath":"assets/img/profile-img.jpg"},"Patterns":null},"skills.png":{"Children":null,"Asset":{"ContentRootIndex":0,"SubPath":"assets/img/skills.png"},"Patterns":null},"slides-1.jpg":{"Children":null,"Asset":{"ContentRootIndex":0,"SubPath":"assets/img/slides-1.jpg"},"Patterns":null},"slides-2.jpg":{"Children":null,"Asset":{"ContentRootIndex":0,"SubPath":"assets/img/slides-2.jpg"},"Patterns":null},"slides-3.jpg":{"Children":null,"Asset":{"ContentRootIndex":0,"SubPath":"assets/img/slides-3.jpg"},"Patterns":null},"team":{"Children":{"team-1.jpg":{"Children":null,"Asset":{"ContentRootIndex":0,"SubPath":"assets/img/team/team-1.jpg"},"Patterns":null},"team-2.jpg":{"Children":null,"Asset":{"ContentRootIndex":0,"SubPath":"assets/img/team/team-2.jpg"},"Patterns":null},"team-3.jpg":{"Children":null,"Asset":{"ContentRootIndex":0,"SubPath":"assets/img/team/team-3.jpg"},"Patterns":null},"team-4.jpg":{"Children":null,"Asset":{"ContentRootIndex":0,"SubPath":"assets/img/team/team-4.jpg"},"Patterns":null}},"Asset":null,"Patterns":null},"why-us.png":{"Children":null,"Asset":{"ContentRootIndex":0,"SubPath":"assets/img/why-us.png"},"Patterns":null}},"Asset":null,"Patterns":null},"js":{"Children":{"jsDemo.js":{"Children":null,"Asset":{"ContentRootIndex":0,"SubPath":"assets/js/jsDemo.js"},"Patterns":null},"main.js":{"Children":null,"Asset":{"ContentRootIndex":0,"SubPath":"assets/js/main.js"},"Patterns":null},"main2.js":{"Children":null,"Asset":{"ContentRootIndex":0,"SubPath":"assets/js/main2.js"},"Patterns":null},"service-worker.js":{"Children":null,"Asset":{"ContentRootIndex":0,"SubPath":"assets/js/service-worker.js"},"Patterns":null}},"Asset":null,"Patterns":null},"scss":{"Children":{"Readme.txt":{"Children":null,"Asset":{"ContentRootIndex":0,"SubPath":"assets/scss/Readme.txt"},"Patterns":null},"Readme2.txt":{"Children":null,"Asset":{"ContentRootIndex":0,"SubPath":"assets/scss/Readme2.txt"},"Patterns":null}},"Asset":null,"Patterns":null},"vendor":{"Children":{"aos":{"Children":{"aos.css":{"Children":null,"Asset":{"ContentRootIndex":0,"SubPath":"assets/vendor/aos/aos.css"},"Patterns":null},"aos.js":{"Children":null,"Asset":{"ContentRootIndex":0,"SubPath":"assets/vendor/aos/aos.js"},"Patterns":null}},"Asset":null,"Patterns":null},"apexcharts":{"Children":{"apexcharts.amd.js":{"Children":null,"Asset":{"ContentRootIndex":0,"SubPath":"assets/vendor/apexcharts/apexcharts.amd.js"},"Patterns":null},"apexcharts.common.js":{"Children":null,"Asset":{"ContentRootIndex":0,"SubPath":"assets/vendor/apexcharts/apexcharts.common.js"},"Patterns":null},"apexcharts.css":{"Children":null,"Asset":{"ContentRootIndex":0,"SubPath":"assets/vendor/apexcharts/apexcharts.css"},"Patterns":null},"apexcharts.esm.js":{"Children":null,"Asset":{"ContentRootIndex":0,"SubPath":"assets/vendor/apexcharts/apexcharts.esm.js"},"Patterns":null},"apexcharts.js":{"Children":null,"Asset":{"ContentRootIndex":0,"SubPath":"assets/vendor/apexcharts/apexcharts.js"},"Patterns":null},"apexcharts.min.js":{"Children":null,"Asset":{"ContentRootIndex":0,"SubPath":"assets/vendor/apexcharts/apexcharts.min.js"},"Patterns":null},"locales":{"Children":{"ar.json":{"Children":null,"Asset":{"ContentRootIndex":0,"SubPath":"assets/vendor/apexcharts/locales/ar.json"},"Patterns":null},"ca.json":{"Children":null,"Asset":{"ContentRootIndex":0,"SubPath":"assets/vendor/apexcharts/locales/ca.json"},"Patterns":null},"cs.json":{"Children":null,"Asset":{"ContentRootIndex":0,"SubPath":"assets/vendor/apexcharts/locales/cs.json"},"Patterns":null},"de.json":{"Children":null,"Asset":{"ContentRootIndex":0,"SubPath":"assets/vendor/apexcharts/locales/de.json"},"Patterns":null},"el.json":{"Children":null,"Asset":{"ContentRootIndex":0,"SubPath":"assets/vendor/apexcharts/locales/el.json"},"Patterns":null},"en.json":{"Children":null,"Asset":{"ContentRootIndex":0,"SubPath":"assets/vendor/apexcharts/locales/en.json"},"Patterns":null},"es.json":{"Children":null,"Asset":{"ContentRootIndex":0,"SubPath":"assets/vendor/apexcharts/locales/es.json"},"Patterns":null},"et.json":{"Children":null,"Asset":{"ContentRootIndex":0,"SubPath":"assets/vendor/apexcharts/locales/et.json"},"Patterns":null},"fa.json":{"Children":null,"Asset":{"ContentRootIndex":0,"SubPath":"assets/vendor/apexcharts/locales/fa.json"},"Patterns":null},"fi.json":{"Children":null,"Asset":{"ContentRootIndex":0,"SubPath":"assets/vendor/apexcharts/locales/fi.json"},"Patterns":null},"fr.json":{"Children":null,"Asset":{"ContentRootIndex":0,"SubPath":"assets/vendor/apexcharts/locales/fr.json"},"Patterns":null},"he.json":{"Children":null,"Asset":{"ContentRootIndex":0,"SubPath":"assets/vendor/apexcharts/locales/he.json"},"Patterns":null},"hi.json":{"Children":null,"Asset":{"ContentRootIndex":0,"SubPath":"assets/vendor/apexcharts/locales/hi.json"},"Patterns":null},"hr.json":{"Children":null,"Asset":{"ContentRootIndex":0,"SubPath":"assets/vendor/apexcharts/locales/hr.json"},"Patterns":null},"hu.json":{"Children":null,"Asset":{"ContentRootIndex":0,"SubPath":"assets/vendor/apexcharts/locales/hu.json"},"Patterns":null},"hy.json":{"Children":null,"Asset":{"ContentRootIndex":0,"SubPath":"assets/vendor/apexcharts/locales/hy.json"},"Patterns":null},"id.json":{"Children":null,"Asset":{"ContentRootIndex":0,"SubPath":"assets/vendor/apexcharts/locales/id.json"},"Patterns":null},"it.json":{"Children":null,"Asset":{"ContentRootIndex":0,"SubPath":"assets/vendor/apexcharts/locales/it.json"},"Patterns":null},"ja.json":{"Children":null,"Asset":{"ContentRootIndex":0,"SubPath":"assets/vendor/apexcharts/locales/ja.json"},"Patterns":null},"ka.json":{"Children":null,"Asset":{"ContentRootIndex":0,"SubPath":"assets/vendor/apexcharts/locales/ka.json"},"Patterns":null},"ko.json":{"Children":null,"Asset":{"ContentRootIndex":0,"SubPath":"assets/vendor/apexcharts/locales/ko.json"},"Patterns":null},"lt.json":{"Children":null,"Asset":{"ContentRootIndex":0,"SubPath":"assets/vendor/apexcharts/locales/lt.json"},"Patterns":null},"lv.json":{"Children":null,"Asset":{"ContentRootIndex":0,"SubPath":"assets/vendor/apexcharts/locales/lv.json"},"Patterns":null},"nb.json":{"Children":null,"Asset":{"ContentRootIndex":0,"SubPath":"assets/vendor/apexcharts/locales/nb.json"},"Patterns":null},"nl.json":{"Children":null,"Asset":{"ContentRootIndex":0,"SubPath":"assets/vendor/apexcharts/locales/nl.json"},"Patterns":null},"pl.json":{"Children":null,"Asset":{"ContentRootIndex":0,"SubPath":"assets/vendor/apexcharts/locales/pl.json"},"Patterns":null},"pt-br.json":{"Children":null,"Asset":{"ContentRootIndex":0,"SubPath":"assets/vendor/apexcharts/locales/pt-br.json"},"Patterns":null},"pt.json":{"Children":null,"Asset":{"ContentRootIndex":0,"SubPath":"assets/vendor/apexcharts/locales/pt.json"},"Patterns":null},"rs.json":{"Children":null,"Asset":{"ContentRootIndex":0,"SubPath":"assets/vendor/apexcharts/locales/rs.json"},"Patterns":null},"ru.json":{"Children":null,"Asset":{"ContentRootIndex":0,"SubPath":"assets/vendor/apexcharts/locales/ru.json"},"Patterns":null},"se.json":{"Children":null,"Asset":{"ContentRootIndex":0,"SubPath":"assets/vendor/apexcharts/locales/se.json"},"Patterns":null},"sk.json":{"Children":null,"Asset":{"ContentRootIndex":0,"SubPath":"assets/vendor/apexcharts/locales/sk.json"},"Patterns":null},"sl.json":{"Children":null,"Asset":{"ContentRootIndex":0,"SubPath":"assets/vendor/apexcharts/locales/sl.json"},"Patterns":null},"sq.json":{"Children":null,"Asset":{"ContentRootIndex":0,"SubPath":"assets/vendor/apexcharts/locales/sq.json"},"Patterns":null},"th.json":{"Children":null,"Asset":{"ContentRootIndex":0,"SubPath":"assets/vendor/apexcharts/locales/th.json"},"Patterns":null},"tr.json":{"Children":null,"Asset":{"ContentRootIndex":0,"SubPath":"assets/vendor/apexcharts/locales/tr.json"},"Patterns":null},"ua.json":{"Children":null,"Asset":{"ContentRootIndex":0,"SubPath":"assets/vendor/apexcharts/locales/ua.json"},"Patterns":null},"zh-cn.json":{"Children":null,"Asset":{"ContentRootIndex":0,"SubPath":"assets/vendor/apexcharts/locales/zh-cn.json"},"Patterns":null},"zh-tw.json":{"Children":null,"Asset":{"ContentRootIndex":0,"SubPath":"assets/vendor/apexcharts/locales/zh-tw.json"},"Patterns":null}},"Asset":null,"Patterns":null}},"Asset":null,"Patterns":null},"bootstrap-icons":{"Children":{"bootstrap-icons.css":{"Children":null,"Asset":{"ContentRootIndex":0,"SubPath":"assets/vendor/bootstrap-icons/bootstrap-icons.css"},"Patterns":null},"bootstrap-icons.json":{"Children":null,"Asset":{"ContentRootIndex":0,"SubPath":"assets/vendor/bootstrap-icons/bootstrap-icons.json"},"Patterns":null},"bootstrap-icons.scss":{"Children":null,"Asset":{"ContentRootIndex":0,"SubPath":"assets/vendor/bootstrap-icons/bootstrap-icons.scss"},"Patterns":null},"fonts":{"Children":{"bootstrap-icons.woff":{"Children":null,"Asset":{"ContentRootIndex":0,"SubPath":"assets/vendor/bootstrap-icons/fonts/bootstrap-icons.woff"},"Patterns":null},"bootstrap-icons.woff2":{"Children":null,"Asset":{"ContentRootIndex":0,"SubPath":"assets/vendor/bootstrap-icons/fonts/bootstrap-icons.woff2"},"Patterns":null}},"Asset":null,"Patterns":null}},"Asset":null,"Patterns":null},"bootstrap":{"Children":{"css":{"Children":{"bootstrap-grid.css":{"Children":null,"Asset":{"ContentRootIndex":0,"SubPath":"assets/vendor/bootstrap/css/bootstrap-grid.css"},"Patterns":null},"bootstrap-grid.css.map":{"Children":null,"Asset":{"ContentRootIndex":0,"SubPath":"assets/vendor/bootstrap/css/bootstrap-grid.css.map"},"Patterns":null},"bootstrap-grid.min.css":{"Children":null,"Asset":{"ContentRootIndex":0,"SubPath":"assets/vendor/bootstrap/css/bootstrap-grid.min.css"},"Patterns":null},"bootstrap-grid.min.css.map":{"Children":null,"Asset":{"ContentRootIndex":0,"SubPath":"assets/vendor/bootstrap/css/bootstrap-grid.min.css.map"},"Patterns":null},"bootstrap-grid.rtl.css":{"Children":null,"Asset":{"ContentRootIndex":0,"SubPath":"assets/vendor/bootstrap/css/bootstrap-grid.rtl.css"},"Patterns":null},"bootstrap-grid.rtl.css.map":{"Children":null,"Asset":{"ContentRootIndex":0,"SubPath":"assets/vendor/bootstrap/css/bootstrap-grid.rtl.css.map"},"Patterns":null},"bootstrap-grid.rtl.min.css":{"Children":null,"Asset":{"ContentRootIndex":0,"SubPath":"assets/vendor/bootstrap/css/bootstrap-grid.rtl.min.css"},"Patterns":null},"bootstrap-grid.rtl.min.css.map":{"Children":null,"Asset":{"ContentRootIndex":0,"SubPath":"assets/vendor/bootstrap/css/bootstrap-grid.rtl.min.css.map"},"Patterns":null},"bootstrap-reboot.css":{"Children":null,"Asset":{"ContentRootIndex":0,"SubPath":"assets/vendor/bootstrap/css/bootstrap-reboot.css"},"Patterns":null},"bootstrap-reboot.css.map":{"Children":null,"Asset":{"ContentRootIndex":0,"SubPath":"assets/vendor/bootstrap/css/bootstrap-reboot.css.map"},"Patterns":null},"bootstrap-reboot.min.css":{"Children":null,"Asset":{"ContentRootIndex":0,"SubPath":"assets/vendor/bootstrap/css/bootstrap-reboot.min.css"},"Patterns":null},"bootstrap-reboot.min.css.map":{"Children":null,"Asset":{"ContentRootIndex":0,"SubPath":"assets/vendor/bootstrap/css/bootstrap-reboot.min.css.map"},"Patterns":null},"bootstrap-reboot.rtl.css":{"Children":null,"Asset":{"ContentRootIndex":0,"SubPath":"assets/vendor/bootstrap/css/bootstrap-reboot.rtl.css"},"Patterns":null},"bootstrap-reboot.rtl.css.map":{"Children":null,"Asset":{"ContentRootIndex":0,"SubPath":"assets/vendor/bootstrap/css/bootstrap-reboot.rtl.css.map"},"Patterns":null},"bootstrap-reboot.rtl.min.css":{"Children":null,"Asset":{"ContentRootIndex":0,"SubPath":"assets/vendor/bootstrap/css/bootstrap-reboot.rtl.min.css"},"Patterns":null},"bootstrap-reboot.rtl.min.css.map":{"Children":null,"Asset":{"ContentRootIndex":0,"SubPath":"assets/vendor/bootstrap/css/bootstrap-reboot.rtl.min.css.map"},"Patterns":null},"bootstrap-utilities.css":{"Children":null,"Asset":{"ContentRootIndex":0,"SubPath":"assets/vendor/bootstrap/css/bootstrap-utilities.css"},"Patterns":null},"bootstrap-utilities.css.map":{"Children":null,"Asset":{"ContentRootIndex":0,"SubPath":"assets/vendor/bootstrap/css/bootstrap-utilities.css.map"},"Patterns":null},"bootstrap-utilities.min.css":{"Children":null,"Asset":{"ContentRootIndex":0,"SubPath":"assets/vendor/bootstrap/css/bootstrap-utilities.min.css"},"Patterns":null},"bootstrap-utilities.min.css.map":{"Children":null,"Asset":{"ContentRootIndex":0,"SubPath":"assets/vendor/bootstrap/css/bootstrap-utilities.min.css.map"},"Patterns":null},"bootstrap-utilities.rtl.css":{"Children":null,"Asset":{"ContentRootIndex":0,"SubPath":"assets/vendor/bootstrap/css/bootstrap-utilities.rtl.css"},"Patterns":null},"bootstrap-utilities.rtl.css.map":{"Children":null,"Asset":{"ContentRootIndex":0,"SubPath":"assets/vendor/bootstrap/css/bootstrap-utilities.rtl.css.map"},"Patterns":null},"bootstrap-utilities.rtl.min.css":{"Children":null,"Asset":{"ContentRootIndex":0,"SubPath":"assets/vendor/bootstrap/css/bootstrap-utilities.rtl.min.css"},"Patterns":null},"bootstrap-utilities.rtl.min.css.map":{"Children":null,"Asset":{"ContentRootIndex":0,"SubPath":"assets/vendor/bootstrap/css/bootstrap-utilities.rtl.min.css.map"},"Patterns":null},"bootstrap.css":{"Children":null,"Asset":{"ContentRootIndex":0,"SubPath":"assets/vendor/bootstrap/css/bootstrap.css"},"Patterns":null},"bootstrap.css.map":{"Children":null,"Asset":{"ContentRootIndex":0,"SubPath":"assets/vendor/bootstrap/css/bootstrap.css.map"},"Patterns":null},"bootstrap.min.css":{"Children":null,"Asset":{"ContentRootIndex":0,"SubPath":"assets/vendor/bootstrap/css/bootstrap.min.css"},"Patterns":null},"bootstrap.min.css.map":{"Children":null,"Asset":{"ContentRootIndex":0,"SubPath":"assets/vendor/bootstrap/css/bootstrap.min.css.map"},"Patterns":null},"bootstrap.rtl.css":{"Children":null,"Asset":{"ContentRootIndex":0,"SubPath":"assets/vendor/bootstrap/css/bootstrap.rtl.css"},"Patterns":null},"bootstrap.rtl.css.map":{"Children":null,"Asset":{"ContentRootIndex":0,"SubPath":"assets/vendor/bootstrap/css/bootstrap.rtl.css.map"},"Patterns":null},"bootstrap.rtl.min.css":{"Children":null,"Asset":{"ContentRootIndex":0,"SubPath":"assets/vendor/bootstrap/css/bootstrap.rtl.min.css"},"Patterns":null},"bootstrap.rtl.min.css.map":{"Children":null,"Asset":{"ContentRootIndex":0,"SubPath":"assets/vendor/bootstrap/css/bootstrap.rtl.min.css.map"},"Patterns":null}},"Asset":null,"Patterns":null},"js":{"Children":{"bootstrap.bundle.js":{"Children":null,"Asset":{"ContentRootIndex":0,"SubPath":"assets/vendor/bootstrap/js/bootstrap.bundle.js"},"Patterns":null},"bootstrap.bundle.js.map":{"Children":null,"Asset":{"ContentRootIndex":0,"SubPath":"assets/vendor/bootstrap/js/bootstrap.bundle.js.map"},"Patterns":null},"bootstrap.bundle.min.js":{"Children":null,"Asset":{"ContentRootIndex":0,"SubPath":"assets/vendor/bootstrap/js/bootstrap.bundle.min.js"},"Patterns":null},"bootstrap.bundle.min.js.map":{"Children":null,"Asset":{"ContentRootIndex":0,"SubPath":"assets/vendor/bootstrap/js/bootstrap.bundle.min.js.map"},"Patterns":null},"bootstrap.esm.js":{"Children":null,"Asset":{"ContentRootIndex":0,"SubPath":"assets/vendor/bootstrap/js/bootstrap.esm.js"},"Patterns":null},"bootstrap.esm.js.map":{"Children":null,"Asset":{"ContentRootIndex":0,"SubPath":"assets/vendor/bootstrap/js/bootstrap.esm.js.map"},"Patterns":null},"bootstrap.esm.min.js":{"Children":null,"Asset":{"ContentRootIndex":0,"SubPath":"assets/vendor/bootstrap/js/bootstrap.esm.min.js"},"Patterns":null},"bootstrap.esm.min.js.map":{"Children":null,"Asset":{"ContentRootIndex":0,"SubPath":"assets/vendor/bootstrap/js/bootstrap.esm.min.js.map"},"Patterns":null},"bootstrap.js":{"Children":null,"Asset":{"ContentRootIndex":0,"SubPath":"assets/vendor/bootstrap/js/bootstrap.js"},"Patterns":null},"bootstrap.js.map":{"Children":null,"Asset":{"ContentRootIndex":0,"SubPath":"assets/vendor/bootstrap/js/bootstrap.js.map"},"Patterns":null},"bootstrap.min.js":{"Children":null,"Asset":{"ContentRootIndex":0,"SubPath":"assets/vendor/bootstrap/js/bootstrap.min.js"},"Patterns":null},"bootstrap.min.js.map":{"Children":null,"Asset":{"ContentRootIndex":0,"SubPath":"assets/vendor/bootstrap/js/bootstrap.min.js.map"},"Patterns":null}},"Asset":null,"Patterns":null}},"Asset":null,"Patterns":null},"boxicons":{"Children":{"css":{"Children":{"animations.css":{"Children":null,"Asset":{"ContentRootIndex":0,"SubPath":"assets/vendor/boxicons/css/animations.css"},"Patterns":null},"boxicons.css":{"Children":null,"Asset":{"ContentRootIndex":0,"SubPath":"assets/vendor/boxicons/css/boxicons.css"},"Patterns":null},"boxicons.min.css":{"Children":null,"Asset":{"ContentRootIndex":0,"SubPath":"assets/vendor/boxicons/css/boxicons.min.css"},"Patterns":null},"transformations.css":{"Children":null,"Asset":{"ContentRootIndex":0,"SubPath":"assets/vendor/boxicons/css/transformations.css"},"Patterns":null}},"Asset":null,"Patterns":null},"fonts":{"Children":{"boxicons.eot":{"Children":null,"Asset":{"ContentRootIndex":0,"SubPath":"assets/vendor/boxicons/fonts/boxicons.eot"},"Patterns":null},"boxicons.svg":{"Children":null,"Asset":{"ContentRootIndex":0,"SubPath":"assets/vendor/boxicons/fonts/boxicons.svg"},"Patterns":null},"boxicons.ttf":{"Children":null,"Asset":{"ContentRootIndex":0,"SubPath":"assets/vendor/boxicons/fonts/boxicons.ttf"},"Patterns":null},"boxicons.woff":{"Children":null,"Asset":{"ContentRootIndex":0,"SubPath":"assets/vendor/boxicons/fonts/boxicons.woff"},"Patterns":null},"boxicons.woff2":{"Children":null,"Asset":{"ContentRootIndex":0,"SubPath":"assets/vendor/boxicons/fonts/boxicons.woff2"},"Patterns":null}},"Asset":null,"Patterns":null}},"Asset":null,"Patterns":null},"chart.js":{"Children":{"chart.cjs":{"Children":null,"Asset":{"ContentRootIndex":0,"SubPath":"assets/vendor/chart.js/chart.cjs"},"Patterns":null},"chart.cjs.map":{"Children":null,"Asset":{"ContentRootIndex":0,"SubPath":"assets/vendor/chart.js/chart.cjs.map"},"Patterns":null},"chart.js":{"Children":null,"Asset":{"ContentRootIndex":0,"SubPath":"assets/vendor/chart.js/chart.js"},"Patterns":null},"chart.js.map":{"Children":null,"Asset":{"ContentRootIndex":0,"SubPath":"assets/vendor/chart.js/chart.js.map"},"Patterns":null},"chart.umd.js":{"Children":null,"Asset":{"ContentRootIndex":0,"SubPath":"assets/vendor/chart.js/chart.umd.js"},"Patterns":null},"chart.umd.js.map":{"Children":null,"Asset":{"ContentRootIndex":0,"SubPath":"assets/vendor/chart.js/chart.umd.js.map"},"Patterns":null},"chunks":{"Children":{"helpers.segment.cjs":{"Children":null,"Asset":{"ContentRootIndex":0,"SubPath":"assets/vendor/chart.js/chunks/helpers.segment.cjs"},"Patterns":null},"helpers.segment.cjs.map":{"Children":null,"Asset":{"ContentRootIndex":0,"SubPath":"assets/vendor/chart.js/chunks/helpers.segment.cjs.map"},"Patterns":null},"helpers.segment.js":{"Children":null,"Asset":{"ContentRootIndex":0,"SubPath":"assets/vendor/chart.js/chunks/helpers.segment.js"},"Patterns":null},"helpers.segment.js.map":{"Children":null,"Asset":{"ContentRootIndex":0,"SubPath":"assets/vendor/chart.js/chunks/helpers.segment.js.map"},"Patterns":null}},"Asset":null,"Patterns":null},"controllers":{"Children":{"controller.bar.d.ts":{"Children":null,"Asset":{"ContentRootIndex":0,"SubPath":"assets/vendor/chart.js/controllers/controller.bar.d.ts"},"Patterns":null},"controller.bubble.d.ts":{"Children":null,"Asset":{"ContentRootIndex":0,"SubPath":"assets/vendor/chart.js/controllers/controller.bubble.d.ts"},"Patterns":null},"controller.doughnut.d.ts":{"Children":null,"Asset":{"ContentRootIndex":0,"SubPath":"assets/vendor/chart.js/controllers/controller.doughnut.d.ts"},"Patterns":null},"controller.line.d.ts":{"Children":null,"Asset":{"ContentRootIndex":0,"SubPath":"assets/vendor/chart.js/controllers/controller.line.d.ts"},"Patterns":null},"controller.pie.d.ts":{"Children":null,"Asset":{"ContentRootIndex":0,"SubPath":"assets/vendor/chart.js/controllers/controller.pie.d.ts"},"Patterns":null},"controller.polarArea.d.ts":{"Children":null,"Asset":{"ContentRootIndex":0,"SubPath":"assets/vendor/chart.js/controllers/controller.polarArea.d.ts"},"Patterns":null},"controller.radar.d.ts":{"Children":null,"Asset":{"ContentRootIndex":0,"SubPath":"assets/vendor/chart.js/controllers/controller.radar.d.ts"},"Patterns":null},"controller.scatter.d.ts":{"Children":null,"Asset":{"ContentRootIndex":0,"SubPath":"assets/vendor/chart.js/controllers/controller.scatter.d.ts"},"Patterns":null},"index.d.ts":{"Children":null,"Asset":{"ContentRootIndex":0,"SubPath":"assets/vendor/chart.js/controllers/index.d.ts"},"Patterns":null}},"Asset":null,"Patterns":null},"core":{"Children":{"core.adapters.d.ts":{"Children":null,"Asset":{"ContentRootIndex":0,"SubPath":"assets/vendor/chart.js/core/core.adapters.d.ts"},"Patterns":null},"core.animation.d.ts":{"Children":null,"Asset":{"ContentRootIndex":0,"SubPath":"assets/vendor/chart.js/core/core.animation.d.ts"},"Patterns":null},"core.animations.d.ts":{"Children":null,"Asset":{"ContentRootIndex":0,"SubPath":"assets/vendor/chart.js/core/core.animations.d.ts"},"Patterns":null},"core.animations.defaults.d.ts":{"Children":null,"Asset":{"ContentRootIndex":0,"SubPath":"assets/vendor/chart.js/core/core.animations.defaults.d.ts"},"Patterns":null},"core.animator.d.ts":{"Children":null,"Asset":{"ContentRootIndex":0,"SubPath":"assets/vendor/chart.js/core/core.animator.d.ts"},"Patterns":null},"core.config.d.ts":{"Children":null,"Asset":{"ContentRootIndex":0,"SubPath":"assets/vendor/chart.js/core/core.config.d.ts"},"Patterns":null},"core.controller.d.ts":{"Children":null,"Asset":{"ContentRootIndex":0,"SubPath":"assets/vendor/chart.js/core/core.controller.d.ts"},"Patterns":null},"core.datasetController.d.ts":{"Children":null,"Asset":{"ContentRootIndex":0,"SubPath":"assets/vendor/chart.js/core/core.datasetController.d.ts"},"Patterns":null},"core.defaults.d.ts":{"Children":null,"Asset":{"ContentRootIndex":0,"SubPath":"assets/vendor/chart.js/core/core.defaults.d.ts"},"Patterns":null},"core.element.d.ts":{"Children":null,"Asset":{"ContentRootIndex":0,"SubPath":"assets/vendor/chart.js/core/core.element.d.ts"},"Patterns":null},"core.interaction.d.ts":{"Children":null,"Asset":{"ContentRootIndex":0,"SubPath":"assets/vendor/chart.js/core/core.interaction.d.ts"},"Patterns":null},"core.layouts.d.ts":{"Children":null,"Asset":{"ContentRootIndex":0,"SubPath":"assets/vendor/chart.js/core/core.layouts.d.ts"},"Patterns":null},"core.layouts.defaults.d.ts":{"Children":null,"Asset":{"ContentRootIndex":0,"SubPath":"assets/vendor/chart.js/core/core.layouts.defaults.d.ts"},"Patterns":null},"core.plugins.d.ts":{"Children":null,"Asset":{"ContentRootIndex":0,"SubPath":"assets/vendor/chart.js/core/core.plugins.d.ts"},"Patterns":null},"core.registry.d.ts":{"Children":null,"Asset":{"ContentRootIndex":0,"SubPath":"assets/vendor/chart.js/core/core.registry.d.ts"},"Patterns":null},"core.scale.autoskip.d.ts":{"Children":null,"Asset":{"ContentRootIndex":0,"SubPath":"assets/vendor/chart.js/core/core.scale.autoskip.d.ts"},"Patterns":null},"core.scale.d.ts":{"Children":null,"Asset":{"ContentRootIndex":0,"SubPath":"assets/vendor/chart.js/core/core.scale.d.ts"},"Patterns":null},"core.scale.defaults.d.ts":{"Children":null,"Asset":{"ContentRootIndex":0,"SubPath":"assets/vendor/chart.js/core/core.scale.defaults.d.ts"},"Patterns":null},"core.ticks.d.ts":{"Children":null,"Asset":{"ContentRootIndex":0,"SubPath":"assets/vendor/chart.js/core/core.ticks.d.ts"},"Patterns":null},"core.typedRegistry.d.ts":{"Children":null,"Asset":{"ContentRootIndex":0,"SubPath":"assets/vendor/chart.js/core/core.typedRegistry.d.ts"},"Patterns":null},"index.d.ts":{"Children":null,"Asset":{"ContentRootIndex":0,"SubPath":"assets/vendor/chart.js/core/index.d.ts"},"Patterns":null}},"Asset":null,"Patterns":null},"elements":{"Children":{"element.arc.d.ts":{"Children":null,"Asset":{"ContentRootIndex":0,"SubPath":"assets/vendor/chart.js/elements/element.arc.d.ts"},"Patterns":null},"element.bar.d.ts":{"Children":null,"Asset":{"ContentRootIndex":0,"SubPath":"assets/vendor/chart.js/elements/element.bar.d.ts"},"Patterns":null},"element.line.d.ts":{"Children":null,"Asset":{"ContentRootIndex":0,"SubPath":"assets/vendor/chart.js/elements/element.line.d.ts"},"Patterns":null},"element.point.d.ts":{"Children":null,"Asset":{"ContentRootIndex":0,"SubPath":"assets/vendor/chart.js/elements/element.point.d.ts"},"Patterns":null},"index.d.ts":{"Children":null,"Asset":{"ContentRootIndex":0,"SubPath":"assets/vendor/chart.js/elements/index.d.ts"},"Patterns":null}},"Asset":null,"Patterns":null},"helpers.cjs":{"Children":null,"Asset":{"ContentRootIndex":0,"SubPath":"assets/vendor/chart.js/helpers.cjs"},"Patterns":null},"helpers.cjs.map":{"Children":null,"Asset":{"ContentRootIndex":0,"SubPath":"assets/vendor/chart.js/helpers.cjs.map"},"Patterns":null},"helpers.js":{"Children":null,"Asset":{"ContentRootIndex":0,"SubPath":"assets/vendor/chart.js/helpers.js"},"Patterns":null},"helpers.js.map":{"Children":null,"Asset":{"ContentRootIndex":0,"SubPath":"assets/vendor/chart.js/helpers.js.map"},"Patterns":null},"helpers":{"Children":{"helpers.canvas.d.ts":{"Children":null,"Asset":{"ContentRootIndex":0,"SubPath":"assets/vendor/chart.js/helpers/helpers.canvas.d.ts"},"Patterns":null},"helpers.collection.d.ts":{"Children":null,"Asset":{"ContentRootIndex":0,"SubPath":"assets/vendor/chart.js/helpers/helpers.collection.d.ts"},"Patterns":null},"helpers.color.d.ts":{"Children":null,"Asset":{"ContentRootIndex":0,"SubPath":"assets/vendor/chart.js/helpers/helpers.color.d.ts"},"Patterns":null},"helpers.config.d.ts":{"Children":null,"Asset":{"ContentRootIndex":0,"SubPath":"assets/vendor/chart.js/helpers/helpers.config.d.ts"},"Patterns":null},"helpers.core.d.ts":{"Children":null,"Asset":{"ContentRootIndex":0,"SubPath":"assets/vendor/chart.js/helpers/helpers.core.d.ts"},"Patterns":null},"helpers.curve.d.ts":{"Children":null,"Asset":{"ContentRootIndex":0,"SubPath":"assets/vendor/chart.js/helpers/helpers.curve.d.ts"},"Patterns":null},"helpers.dom.d.ts":{"Children":null,"Asset":{"ContentRootIndex":0,"SubPath":"assets/vendor/chart.js/helpers/helpers.dom.d.ts"},"Patterns":null},"helpers.easing.d.ts":{"Children":null,"Asset":{"ContentRootIndex":0,"SubPath":"assets/vendor/chart.js/helpers/helpers.easing.d.ts"},"Patterns":null},"helpers.extras.d.ts":{"Children":null,"Asset":{"ContentRootIndex":0,"SubPath":"assets/vendor/chart.js/helpers/helpers.extras.d.ts"},"Patterns":null},"helpers.interpolation.d.ts":{"Children":null,"Asset":{"ContentRootIndex":0,"SubPath":"assets/vendor/chart.js/helpers/helpers.interpolation.d.ts"},"Patterns":null},"helpers.intl.d.ts":{"Children":null,"Asset":{"ContentRootIndex":0,"SubPath":"assets/vendor/chart.js/helpers/helpers.intl.d.ts"},"Patterns":null},"helpers.math.d.ts":{"Children":null,"Asset":{"ContentRootIndex":0,"SubPath":"assets/vendor/chart.js/helpers/helpers.math.d.ts"},"Patterns":null},"helpers.options.d.ts":{"Children":null,"Asset":{"ContentRootIndex":0,"SubPath":"assets/vendor/chart.js/helpers/helpers.options.d.ts"},"Patterns":null},"helpers.rtl.d.ts":{"Children":null,"Asset":{"ContentRootIndex":0,"SubPath":"assets/vendor/chart.js/helpers/helpers.rtl.d.ts"},"Patterns":null},"helpers.segment.d.ts":{"Children":null,"Asset":{"ContentRootIndex":0,"SubPath":"assets/vendor/chart.js/helpers/helpers.segment.d.ts"},"Patterns":null},"index.d.ts":{"Children":null,"Asset":{"ContentRootIndex":0,"SubPath":"assets/vendor/chart.js/helpers/index.d.ts"},"Patterns":null},"types.d.ts":{"Children":null,"Asset":{"ContentRootIndex":0,"SubPath":"assets/vendor/chart.js/helpers/types.d.ts"},"Patterns":null}},"Asset":null,"Patterns":null},"index.d.ts":{"Children":null,"Asset":{"ContentRootIndex":0,"SubPath":"assets/vendor/chart.js/index.d.ts"},"Patterns":null},"index.umd.d.ts":{"Children":null,"Asset":{"ContentRootIndex":0,"SubPath":"assets/vendor/chart.js/index.umd.d.ts"},"Patterns":null},"platform":{"Children":{"index.d.ts":{"Children":null,"Asset":{"ContentRootIndex":0,"SubPath":"assets/vendor/chart.js/platform/index.d.ts"},"Patterns":null},"platform.base.d.ts":{"Children":null,"Asset":{"ContentRootIndex":0,"SubPath":"assets/vendor/chart.js/platform/platform.base.d.ts"},"Patterns":null},"platform.basic.d.ts":{"Children":null,"Asset":{"ContentRootIndex":0,"SubPath":"assets/vendor/chart.js/platform/platform.basic.d.ts"},"Patterns":null},"platform.dom.d.ts":{"Children":null,"Asset":{"ContentRootIndex":0,"SubPath":"assets/vendor/chart.js/platform/platform.dom.d.ts"},"Patterns":null}},"Asset":null,"Patterns":null},"plugins":{"Children":{"index.d.ts":{"Children":null,"Asset":{"ContentRootIndex":0,"SubPath":"assets/vendor/chart.js/plugins/index.d.ts"},"Patterns":null},"plugin.colors.d.ts":{"Children":null,"Asset":{"ContentRootIndex":0,"SubPath":"assets/vendor/chart.js/plugins/plugin.colors.d.ts"},"Patterns":null},"plugin.decimation.d.ts":{"Children":null,"Asset":{"ContentRootIndex":0,"SubPath":"assets/vendor/chart.js/plugins/plugin.decimation.d.ts"},"Patterns":null},"plugin.filler":{"Children":{"filler.drawing.d.ts":{"Children":null,"Asset":{"ContentRootIndex":0,"SubPath":"assets/vendor/chart.js/plugins/plugin.filler/filler.drawing.d.ts"},"Patterns":null},"filler.helper.d.ts":{"Children":null,"Asset":{"ContentRootIndex":0,"SubPath":"assets/vendor/chart.js/plugins/plugin.filler/filler.helper.d.ts"},"Patterns":null},"filler.options.d.ts":{"Children":null,"Asset":{"ContentRootIndex":0,"SubPath":"assets/vendor/chart.js/plugins/plugin.filler/filler.options.d.ts"},"Patterns":null},"filler.segment.d.ts":{"Children":null,"Asset":{"ContentRootIndex":0,"SubPath":"assets/vendor/chart.js/plugins/plugin.filler/filler.segment.d.ts"},"Patterns":null},"filler.target.d.ts":{"Children":null,"Asset":{"ContentRootIndex":0,"SubPath":"assets/vendor/chart.js/plugins/plugin.filler/filler.target.d.ts"},"Patterns":null},"filler.target.stack.d.ts":{"Children":null,"Asset":{"ContentRootIndex":0,"SubPath":"assets/vendor/chart.js/plugins/plugin.filler/filler.target.stack.d.ts"},"Patterns":null},"index.d.ts":{"Children":null,"Asset":{"ContentRootIndex":0,"SubPath":"assets/vendor/chart.js/plugins/plugin.filler/index.d.ts"},"Patterns":null},"simpleArc.d.ts":{"Children":null,"Asset":{"ContentRootIndex":0,"SubPath":"assets/vendor/chart.js/plugins/plugin.filler/simpleArc.d.ts"},"Patterns":null}},"Asset":null,"Patterns":null},"plugin.legend.d.ts":{"Children":null,"Asset":{"ContentRootIndex":0,"SubPath":"assets/vendor/chart.js/plugins/plugin.legend.d.ts"},"Patterns":null},"plugin.subtitle.d.ts":{"Children":null,"Asset":{"ContentRootIndex":0,"SubPath":"assets/vendor/chart.js/plugins/plugin.subtitle.d.ts"},"Patterns":null},"plugin.title.d.ts":{"Children":null,"Asset":{"ContentRootIndex":0,"SubPath":"assets/vendor/chart.js/plugins/plugin.title.d.ts"},"Patterns":null},"plugin.tooltip.d.ts":{"Children":null,"Asset":{"ContentRootIndex":0,"SubPath":"assets/vendor/chart.js/plugins/plugin.tooltip.d.ts"},"Patterns":null}},"Asset":null,"Patterns":null},"scales":{"Children":{"index.d.ts":{"Children":null,"Asset":{"ContentRootIndex":0,"SubPath":"assets/vendor/chart.js/scales/index.d.ts"},"Patterns":null},"scale.category.d.ts":{"Children":null,"Asset":{"ContentRootIndex":0,"SubPath":"assets/vendor/chart.js/scales/scale.category.d.ts"},"Patterns":null},"scale.linear.d.ts":{"Children":null,"Asset":{"ContentRootIndex":0,"SubPath":"assets/vendor/chart.js/scales/scale.linear.d.ts"},"Patterns":null},"scale.linearbase.d.ts":{"Children":null,"Asset":{"ContentRootIndex":0,"SubPath":"assets/vendor/chart.js/scales/scale.linearbase.d.ts"},"Patterns":null},"scale.logarithmic.d.ts":{"Children":null,"Asset":{"ContentRootIndex":0,"SubPath":"assets/vendor/chart.js/scales/scale.logarithmic.d.ts"},"Patterns":null},"scale.radialLinear.d.ts":{"Children":null,"Asset":{"ContentRootIndex":0,"SubPath":"assets/vendor/chart.js/scales/scale.radialLinear.d.ts"},"Patterns":null},"scale.time.d.ts":{"Children":null,"Asset":{"ContentRootIndex":0,"SubPath":"assets/vendor/chart.js/scales/scale.time.d.ts"},"Patterns":null},"scale.timeseries.d.ts":{"Children":null,"Asset":{"ContentRootIndex":0,"SubPath":"assets/vendor/chart.js/scales/scale.timeseries.d.ts"},"Patterns":null}},"Asset":null,"Patterns":null},"types.d.ts":{"Children":null,"Asset":{"ContentRootIndex":0,"SubPath":"assets/vendor/chart.js/types.d.ts"},"Patterns":null},"types":{"Children":{"animation.d.ts":{"Children":null,"Asset":{"ContentRootIndex":0,"SubPath":"assets/vendor/chart.js/types/animation.d.ts"},"Patterns":null},"basic.d.ts":{"Children":null,"Asset":{"ContentRootIndex":0,"SubPath":"assets/vendor/chart.js/types/basic.d.ts"},"Patterns":null},"color.d.ts":{"Children":null,"Asset":{"ContentRootIndex":0,"SubPath":"assets/vendor/chart.js/types/color.d.ts"},"Patterns":null},"geometric.d.ts":{"Children":null,"Asset":{"ContentRootIndex":0,"SubPath":"assets/vendor/chart.js/types/geometric.d.ts"},"Patterns":null},"helpers":{"Children":{"helpers.canvas.d.ts":{"Children":null,"Asset":{"ContentRootIndex":0,"SubPath":"assets/vendor/chart.js/types/helpers/helpers.canvas.d.ts"},"Patterns":null},"helpers.segment.d.ts":{"Children":null,"Asset":{"ContentRootIndex":0,"SubPath":"assets/vendor/chart.js/types/helpers/helpers.segment.d.ts"},"Patterns":null},"index.d.ts":{"Children":null,"Asset":{"ContentRootIndex":0,"SubPath":"assets/vendor/chart.js/types/helpers/index.d.ts"},"Patterns":null}},"Asset":null,"Patterns":null},"index.d.ts":{"Children":null,"Asset":{"ContentRootIndex":0,"SubPath":"assets/vendor/chart.js/types/index.d.ts"},"Patterns":null},"layout.d.ts":{"Children":null,"Asset":{"ContentRootIndex":0,"SubPath":"assets/vendor/chart.js/types/layout.d.ts"},"Patterns":null},"utils.d.ts":{"Children":null,"Asset":{"ContentRootIndex":0,"SubPath":"assets/vendor/chart.js/types/utils.d.ts"},"Patterns":null}},"Asset":null,"Patterns":null}},"Asset":null,"Patterns":null},"echarts":{"Children":{"echarts.common.js":{"Children":null,"Asset":{"ContentRootIndex":0,"SubPath":"assets/vendor/echarts/echarts.common.js"},"Patterns":null},"echarts.common.js.map":{"Children":null,"Asset":{"ContentRootIndex":0,"SubPath":"assets/vendor/echarts/echarts.common.js.map"},"Patterns":null},"echarts.common.min.js":{"Children":null,"Asset":{"ContentRootIndex":0,"SubPath":"assets/vendor/echarts/echarts.common.min.js"},"Patterns":null},"echarts.esm.js":{"Children":null,"Asset":{"ContentRootIndex":0,"SubPath":"assets/vendor/echarts/echarts.esm.js"},"Patterns":null},"echarts.esm.js.map":{"Children":null,"Asset":{"ContentRootIndex":0,"SubPath":"assets/vendor/echarts/echarts.esm.js.map"},"Patterns":null},"echarts.esm.min.js":{"Children":null,"Asset":{"ContentRootIndex":0,"SubPath":"assets/vendor/echarts/echarts.esm.min.js"},"Patterns":null},"echarts.js":{"Children":null,"Asset":{"ContentRootIndex":0,"SubPath":"assets/vendor/echarts/echarts.js"},"Patterns":null},"echarts.js.map":{"Children":null,"Asset":{"ContentRootIndex":0,"SubPath":"assets/vendor/echarts/echarts.js.map"},"Patterns":null},"echarts.min.js":{"Children":null,"Asset":{"ContentRootIndex":0,"SubPath":"assets/vendor/echarts/echarts.min.js"},"Patterns":null},"echarts.simple.js":{"Children":null,"Asset":{"ContentRootIndex":0,"SubPath":"assets/vendor/echarts/echarts.simple.js"},"Patterns":null},"echarts.simple.js.map":{"Children":null,"Asset":{"ContentRootIndex":0,"SubPath":"assets/vendor/echarts/echarts.simple.js.map"},"Patterns":null},"echarts.simple.min.js":{"Children":null,"Asset":{"ContentRootIndex":0,"SubPath":"assets/vendor/echarts/echarts.simple.min.js"},"Patterns":null},"extension":{"Children":{"bmap.js":{"Children":null,"Asset":{"ContentRootIndex":0,"SubPath":"assets/vendor/echarts/extension/bmap.js"},"Patterns":null},"bmap.js.map":{"Children":null,"Asset":{"ContentRootIndex":0,"SubPath":"assets/vendor/echarts/extension/bmap.js.map"},"Patterns":null},"bmap.min.js":{"Children":null,"Asset":{"ContentRootIndex":0,"SubPath":"assets/vendor/echarts/extension/bmap.min.js"},"Patterns":null},"dataTool.js":{"Children":null,"Asset":{"ContentRootIndex":0,"SubPath":"assets/vendor/echarts/extension/dataTool.js"},"Patterns":null},"dataTool.js.map":{"Children":null,"Asset":{"ContentRootIndex":0,"SubPath":"assets/vendor/echarts/extension/dataTool.js.map"},"Patterns":null},"dataTool.min.js":{"Children":null,"Asset":{"ContentRootIndex":0,"SubPath":"assets/vendor/echarts/extension/dataTool.min.js"},"Patterns":null}},"Asset":null,"Patterns":null}},"Asset":null,"Patterns":null},"glightbox":{"Children":{"css":{"Children":{"glightbox.css":{"Children":null,"Asset":{"ContentRootIndex":0,"SubPath":"assets/vendor/glightbox/css/glightbox.css"},"Patterns":null},"glightbox.min.css":{"Children":null,"Asset":{"ContentRootIndex":0,"SubPath":"assets/vendor/glightbox/css/glightbox.min.css"},"Patterns":null},"plyr.css":{"Children":null,"Asset":{"ContentRootIndex":0,"SubPath":"assets/vendor/glightbox/css/plyr.css"},"Patterns":null},"plyr.min.css":{"Children":null,"Asset":{"ContentRootIndex":0,"SubPath":"assets/vendor/glightbox/css/plyr.min.css"},"Patterns":null}},"Asset":null,"Patterns":null},"js":{"Children":{"glightbox.js":{"Children":null,"Asset":{"ContentRootIndex":0,"SubPath":"assets/vendor/glightbox/js/glightbox.js"},"Patterns":null},"glightbox.min.js":{"Children":null,"Asset":{"ContentRootIndex":0,"SubPath":"assets/vendor/glightbox/js/glightbox.min.js"},"Patterns":null}},"Asset":null,"Patterns":null}},"Asset":null,"Patterns":null},"isotope-layout":{"Children":{"isotope.pkgd.js":{"Children":null,"Asset":{"ContentRootIndex":0,"SubPath":"assets/vendor/isotope-layout/isotope.pkgd.js"},"Patterns":null},"isotope.pkgd.min.js":{"Children":null,"Asset":{"ContentRootIndex":0,"SubPath":"assets/vendor/isotope-layout/isotope.pkgd.min.js"},"Patterns":null}},"Asset":null,"Patterns":null},"php-email-form":{"Children":{"validate.js":{"Children":null,"Asset":{"ContentRootIndex":0,"SubPath":"assets/vendor/php-email-form/validate.js"},"Patterns":null}},"Asset":null,"Patterns":null},"quill":{"Children":{"quill.bubble.css":{"Children":null,"Asset":{"ContentRootIndex":0,"SubPath":"assets/vendor/quill/quill.bubble.css"},"Patterns":null},"quill.core.css":{"Children":null,"Asset":{"ContentRootIndex":0,"SubPath":"assets/vendor/quill/quill.core.css"},"Patterns":null},"quill.core.js":{"Children":null,"Asset":{"ContentRootIndex":0,"SubPath":"assets/vendor/quill/quill.core.js"},"Patterns":null},"quill.js":{"Children":null,"Asset":{"ContentRootIndex":0,"SubPath":"assets/vendor/quill/quill.js"},"Patterns":null},"quill.min.js":{"Children":null,"Asset":{"ContentRootIndex":0,"SubPath":"assets/vendor/quill/quill.min.js"},"Patterns":null},"quill.min.js.map":{"Children":null,"Asset":{"ContentRootIndex":0,"SubPath":"assets/vendor/quill/quill.min.js.map"},"Patterns":null},"quill.snow.css":{"Children":null,"Asset":{"ContentRootIndex":0,"SubPath":"assets/vendor/quill/quill.snow.css"},"Patterns":null}},"Asset":null,"Patterns":null},"remixicon":{"Children":{"remixicon.css":{"Children":null,"Asset":{"ContentRootIndex":0,"SubPath":"assets/vendor/remixicon/remixicon.css"},"Patterns":null},"remixicon.eot":{"Children":null,"Asset":{"ContentRootIndex":0,"SubPath":"assets/vendor/remixicon/remixicon.eot"},"Patterns":null},"remixicon.less":{"Children":null,"Asset":{"ContentRootIndex":0,"SubPath":"assets/vendor/remixicon/remixicon.less"},"Patterns":null},"remixicon.svg":{"Children":null,"Asset":{"ContentRootIndex":0,"SubPath":"assets/vendor/remixicon/remixicon.svg"},"Patterns":null},"remixicon.symbol.svg":{"Children":null,"Asset":{"ContentRootIndex":0,"SubPath":"assets/vendor/remixicon/remixicon.symbol.svg"},"Patterns":null},"remixicon.ttf":{"Children":null,"Asset":{"ContentRootIndex":0,"SubPath":"assets/vendor/remixicon/remixicon.ttf"},"Patterns":null},"remixicon.woff":{"Children":null,"Asset":{"ContentRootIndex":0,"SubPath":"assets/vendor/remixicon/remixicon.woff"},"Patterns":null},"remixicon.woff2":{"Children":null,"Asset":{"ContentRootIndex":0,"SubPath":"assets/vendor/remixicon/remixicon.woff2"},"Patterns":null}},"Asset":null,"Patterns":null},"simple-datatables":{"Children":{"simple-datatables.js":{"Children":null,"Asset":{"ContentRootIndex":0,"SubPath":"assets/vendor/simple-datatables/simple-datatables.js"},"Patterns":null},"style.css":{"Children":null,"Asset":{"ContentRootIndex":0,"SubPath":"assets/vendor/simple-datatables/style.css"},"Patterns":null}},"Asset":null,"Patterns":null},"swiper":{"Children":{"swiper-bundle.min.css":{"Children":null,"Asset":{"ContentRootIndex":0,"SubPath":"assets/vendor/swiper/swiper-bundle.min.css"},"Patterns":null},"swiper-bundle.min.js":{"Children":null,"Asset":{"ContentRootIndex":0,"SubPath":"assets/vendor/swiper/swiper-bundle.min.js"},"Patterns":null},"swiper-bundle.min.js.map":{"Children":null,"Asset":{"ContentRootIndex":0,"SubPath":"assets/vendor/swiper/swiper-bundle.min.js.map"},"Patterns":null}},"Asset":null,"Patterns":null},"tinymce":{"Children":{"bower.json":{"Children":null,"Asset":{"ContentRootIndex":0,"SubPath":"assets/vendor/tinymce/bower.json"},"Patterns":null},"CHANGELOG.md":{"Children":null,"Asset":{"ContentRootIndex":0,"SubPath":"assets/vendor/tinymce/CHANGELOG.md"},"Patterns":null},"composer.json":{"Children":null,"Asset":{"ContentRootIndex":0,"SubPath":"assets/vendor/tinymce/composer.json"},"Patterns":null},"icons":{"Children":{"default":{"Children":{"icons.js":{"Children":null,"Asset":{"ContentRootIndex":0,"SubPath":"assets/vendor/tinymce/icons/default/icons.js"},"Patterns":null},"icons.min.js":{"Children":null,"Asset":{"ContentRootIndex":0,"SubPath":"assets/vendor/tinymce/icons/default/icons.min.js"},"Patterns":null},"index.js":{"Children":null,"Asset":{"ContentRootIndex":0,"SubPath":"assets/vendor/tinymce/icons/default/index.js"},"Patterns":null}},"Asset":null,"Patterns":null}},"Asset":null,"Patterns":null},"license.txt":{"Children":null,"Asset":{"ContentRootIndex":0,"SubPath":"assets/vendor/tinymce/license.txt"},"Patterns":null},"models":{"Children":{"dom":{"Children":{"index.js":{"Children":null,"Asset":{"ContentRootIndex":0,"SubPath":"assets/vendor/tinymce/models/dom/index.js"},"Patterns":null},"model.js":{"Children":null,"Asset":{"ContentRootIndex":0,"SubPath":"assets/vendor/tinymce/models/dom/model.js"},"Patterns":null},"model.min.js":{"Children":null,"Asset":{"ContentRootIndex":0,"SubPath":"assets/vendor/tinymce/models/dom/model.min.js"},"Patterns":null}},"Asset":null,"Patterns":null}},"Asset":null,"Patterns":null},"package.json":{"Children":null,"Asset":{"ContentRootIndex":0,"SubPath":"assets/vendor/tinymce/package.json"},"Patterns":null},"plugins":{"Children":{"advlist":{"Children":{"index.js":{"Children":null,"Asset":{"ContentRootIndex":0,"SubPath":"assets/vendor/tinymce/plugins/advlist/index.js"},"Patterns":null},"plugin.js":{"Children":null,"Asset":{"ContentRootIndex":0,"SubPath":"assets/vendor/tinymce/plugins/advlist/plugin.js"},"Patterns":null},"plugin.min.js":{"Children":null,"Asset":{"ContentRootIndex":0,"SubPath":"assets/vendor/tinymce/plugins/advlist/plugin.min.js"},"Patterns":null}},"Asset":null,"Patterns":null},"anchor":{"Children":{"index.js":{"Children":null,"Asset":{"ContentRootIndex":0,"SubPath":"assets/vendor/tinymce/plugins/anchor/index.js"},"Patterns":null},"plugin.js":{"Children":null,"Asset":{"ContentRootIndex":0,"SubPath":"assets/vendor/tinymce/plugins/anchor/plugin.js"},"Patterns":null},"plugin.min.js":{"Children":null,"Asset":{"ContentRootIndex":0,"SubPath":"assets/vendor/tinymce/plugins/anchor/plugin.min.js"},"Patterns":null}},"Asset":null,"Patterns":null},"autolink":{"Children":{"index.js":{"Children":null,"Asset":{"ContentRootIndex":0,"SubPath":"assets/vendor/tinymce/plugins/autolink/index.js"},"Patterns":null},"plugin.js":{"Children":null,"Asset":{"ContentRootIndex":0,"SubPath":"assets/vendor/tinymce/plugins/autolink/plugin.js"},"Patterns":null},"plugin.min.js":{"Children":null,"Asset":{"ContentRootIndex":0,"SubPath":"assets/vendor/tinymce/plugins/autolink/plugin.min.js"},"Patterns":null}},"Asset":null,"Patterns":null},"autoresize":{"Children":{"index.js":{"Children":null,"Asset":{"ContentRootIndex":0,"SubPath":"assets/vendor/tinymce/plugins/autoresize/index.js"},"Patterns":null},"plugin.js":{"Children":null,"Asset":{"ContentRootIndex":0,"SubPath":"assets/vendor/tinymce/plugins/autoresize/plugin.js"},"Patterns":null},"plugin.min.js":{"Children":null,"Asset":{"ContentRootIndex":0,"SubPath":"assets/vendor/tinymce/plugins/autoresize/plugin.min.js"},"Patterns":null}},"Asset":null,"Patterns":null},"autosave":{"Children":{"index.js":{"Children":null,"Asset":{"ContentRootIndex":0,"SubPath":"assets/vendor/tinymce/plugins/autosave/index.js"},"Patterns":null},"plugin.js":{"Children":null,"Asset":{"ContentRootIndex":0,"SubPath":"assets/vendor/tinymce/plugins/autosave/plugin.js"},"Patterns":null},"plugin.min.js":{"Children":null,"Asset":{"ContentRootIndex":0,"SubPath":"assets/vendor/tinymce/plugins/autosave/plugin.min.js"},"Patterns":null}},"Asset":null,"Patterns":null},"charmap":{"Children":{"index.js":{"Children":null,"Asset":{"ContentRootIndex":0,"SubPath":"assets/vendor/tinymce/plugins/charmap/index.js"},"Patterns":null},"plugin.js":{"Children":null,"Asset":{"ContentRootIndex":0,"SubPath":"assets/vendor/tinymce/plugins/charmap/plugin.js"},"Patterns":null},"plugin.min.js":{"Children":null,"Asset":{"ContentRootIndex":0,"SubPath":"assets/vendor/tinymce/plugins/charmap/plugin.min.js"},"Patterns":null}},"Asset":null,"Patterns":null},"codesample":{"Children":{"index.js":{"Children":null,"Asset":{"ContentRootIndex":0,"SubPath":"assets/vendor/tinymce/plugins/codesample/index.js"},"Patterns":null},"plugin.js":{"Children":null,"Asset":{"ContentRootIndex":0,"SubPath":"assets/vendor/tinymce/plugins/codesample/plugin.js"},"Patterns":null},"plugin.min.js":{"Children":null,"Asset":{"ContentRootIndex":0,"SubPath":"assets/vendor/tinymce/plugins/codesample/plugin.min.js"},"Patterns":null}},"Asset":null,"Patterns":null},"code":{"Children":{"index.js":{"Children":null,"Asset":{"ContentRootIndex":0,"SubPath":"assets/vendor/tinymce/plugins/code/index.js"},"Patterns":null},"plugin.js":{"Children":null,"Asset":{"ContentRootIndex":0,"SubPath":"assets/vendor/tinymce/plugins/code/plugin.js"},"Patterns":null},"plugin.min.js":{"Children":null,"Asset":{"ContentRootIndex":0,"SubPath":"assets/vendor/tinymce/plugins/code/plugin.min.js"},"Patterns":null}},"Asset":null,"Patterns":null},"directionality":{"Children":{"index.js":{"Children":null,"Asset":{"ContentRootIndex":0,"SubPath":"assets/vendor/tinymce/plugins/directionality/index.js"},"Patterns":null},"plugin.js":{"Children":null,"Asset":{"ContentRootIndex":0,"SubPath":"assets/vendor/tinymce/plugins/directionality/plugin.js"},"Patterns":null},"plugin.min.js":{"Children":null,"Asset":{"ContentRootIndex":0,"SubPath":"assets/vendor/tinymce/plugins/directionality/plugin.min.js"},"Patterns":null}},"Asset":null,"Patterns":null},"emoticons":{"Children":{"index.js":{"Children":null,"Asset":{"ContentRootIndex":0,"SubPath":"assets/vendor/tinymce/plugins/emoticons/index.js"},"Patterns":null},"js":{"Children":{"emojiimages.js":{"Children":null,"Asset":{"ContentRootIndex":0,"SubPath":"assets/vendor/tinymce/plugins/emoticons/js/emojiimages.js"},"Patterns":null},"emojiimages.min.js":{"Children":null,"Asset":{"ContentRootIndex":0,"SubPath":"assets/vendor/tinymce/plugins/emoticons/js/emojiimages.min.js"},"Patterns":null},"emojis.js":{"Children":null,"Asset":{"ContentRootIndex":0,"SubPath":"assets/vendor/tinymce/plugins/emoticons/js/emojis.js"},"Patterns":null},"emojis.min.js":{"Children":null,"Asset":{"ContentRootIndex":0,"SubPath":"assets/vendor/tinymce/plugins/emoticons/js/emojis.min.js"},"Patterns":null}},"Asset":null,"Patterns":null},"plugin.js":{"Children":null,"Asset":{"ContentRootIndex":0,"SubPath":"assets/vendor/tinymce/plugins/emoticons/plugin.js"},"Patterns":null},"plugin.min.js":{"Children":null,"Asset":{"ContentRootIndex":0,"SubPath":"assets/vendor/tinymce/plugins/emoticons/plugin.min.js"},"Patterns":null}},"Asset":null,"Patterns":null},"fullscreen":{"Children":{"index.js":{"Children":null,"Asset":{"ContentRootIndex":0,"SubPath":"assets/vendor/tinymce/plugins/fullscreen/index.js"},"Patterns":null},"plugin.js":{"Children":null,"Asset":{"ContentRootIndex":0,"SubPath":"assets/vendor/tinymce/plugins/fullscreen/plugin.js"},"Patterns":null},"plugin.min.js":{"Children":null,"Asset":{"ContentRootIndex":0,"SubPath":"assets/vendor/tinymce/plugins/fullscreen/plugin.min.js"},"Patterns":null}},"Asset":null,"Patterns":null},"help":{"Children":{"index.js":{"Children":null,"Asset":{"ContentRootIndex":0,"SubPath":"assets/vendor/tinymce/plugins/help/index.js"},"Patterns":null},"plugin.js":{"Children":null,"Asset":{"ContentRootIndex":0,"SubPath":"assets/vendor/tinymce/plugins/help/plugin.js"},"Patterns":null},"plugin.min.js":{"Children":null,"Asset":{"ContentRootIndex":0,"SubPath":"assets/vendor/tinymce/plugins/help/plugin.min.js"},"Patterns":null}},"Asset":null,"Patterns":null},"image":{"Children":{"index.js":{"Children":null,"Asset":{"ContentRootIndex":0,"SubPath":"assets/vendor/tinymce/plugins/image/index.js"},"Patterns":null},"plugin.js":{"Children":null,"Asset":{"ContentRootIndex":0,"SubPath":"assets/vendor/tinymce/plugins/image/plugin.js"},"Patterns":null},"plugin.min.js":{"Children":null,"Asset":{"ContentRootIndex":0,"SubPath":"assets/vendor/tinymce/plugins/image/plugin.min.js"},"Patterns":null}},"Asset":null,"Patterns":null},"importcss":{"Children":{"index.js":{"Children":null,"Asset":{"ContentRootIndex":0,"SubPath":"assets/vendor/tinymce/plugins/importcss/index.js"},"Patterns":null},"plugin.js":{"Children":null,"Asset":{"ContentRootIndex":0,"SubPath":"assets/vendor/tinymce/plugins/importcss/plugin.js"},"Patterns":null},"plugin.min.js":{"Children":null,"Asset":{"ContentRootIndex":0,"SubPath":"assets/vendor/tinymce/plugins/importcss/plugin.min.js"},"Patterns":null}},"Asset":null,"Patterns":null},"insertdatetime":{"Children":{"index.js":{"Children":null,"Asset":{"ContentRootIndex":0,"SubPath":"assets/vendor/tinymce/plugins/insertdatetime/index.js"},"Patterns":null},"plugin.js":{"Children":null,"Asset":{"ContentRootIndex":0,"SubPath":"assets/vendor/tinymce/plugins/insertdatetime/plugin.js"},"Patterns":null},"plugin.min.js":{"Children":null,"Asset":{"ContentRootIndex":0,"SubPath":"assets/vendor/tinymce/plugins/insertdatetime/plugin.min.js"},"Patterns":null}},"Asset":null,"Patterns":null},"link":{"Children":{"index.js":{"Children":null,"Asset":{"ContentRootIndex":0,"SubPath":"assets/vendor/tinymce/plugins/link/index.js"},"Patterns":null},"plugin.js":{"Children":null,"Asset":{"ContentRootIndex":0,"SubPath":"assets/vendor/tinymce/plugins/link/plugin.js"},"Patterns":null},"plugin.min.js":{"Children":null,"Asset":{"ContentRootIndex":0,"SubPath":"assets/vendor/tinymce/plugins/link/plugin.min.js"},"Patterns":null}},"Asset":null,"Patterns":null},"lists":{"Children":{"index.js":{"Children":null,"Asset":{"ContentRootIndex":0,"SubPath":"assets/vendor/tinymce/plugins/lists/index.js"},"Patterns":null},"plugin.js":{"Children":null,"Asset":{"ContentRootIndex":0,"SubPath":"assets/vendor/tinymce/plugins/lists/plugin.js"},"Patterns":null},"plugin.min.js":{"Children":null,"Asset":{"ContentRootIndex":0,"SubPath":"assets/vendor/tinymce/plugins/lists/plugin.min.js"},"Patterns":null}},"Asset":null,"Patterns":null},"media":{"Children":{"index.js":{"Children":null,"Asset":{"ContentRootIndex":0,"SubPath":"assets/vendor/tinymce/plugins/media/index.js"},"Patterns":null},"plugin.js":{"Children":null,"Asset":{"ContentRootIndex":0,"SubPath":"assets/vendor/tinymce/plugins/media/plugin.js"},"Patterns":null},"plugin.min.js":{"Children":null,"Asset":{"ContentRootIndex":0,"SubPath":"assets/vendor/tinymce/plugins/media/plugin.min.js"},"Patterns":null}},"Asset":null,"Patterns":null},"nonbreaking":{"Children":{"index.js":{"Children":null,"Asset":{"ContentRootIndex":0,"SubPath":"assets/vendor/tinymce/plugins/nonbreaking/index.js"},"Patterns":null},"plugin.js":{"Children":null,"Asset":{"ContentRootIndex":0,"SubPath":"assets/vendor/tinymce/plugins/nonbreaking/plugin.js"},"Patterns":null},"plugin.min.js":{"Children":null,"Asset":{"ContentRootIndex":0,"SubPath":"assets/vendor/tinymce/plugins/nonbreaking/plugin.min.js"},"Patterns":null}},"Asset":null,"Patterns":null},"pagebreak":{"Children":{"index.js":{"Children":null,"Asset":{"ContentRootIndex":0,"SubPath":"assets/vendor/tinymce/plugins/pagebreak/index.js"},"Patterns":null},"plugin.js":{"Children":null,"Asset":{"ContentRootIndex":0,"SubPath":"assets/vendor/tinymce/plugins/pagebreak/plugin.js"},"Patterns":null},"plugin.min.js":{"Children":null,"Asset":{"ContentRootIndex":0,"SubPath":"assets/vendor/tinymce/plugins/pagebreak/plugin.min.js"},"Patterns":null}},"Asset":null,"Patterns":null},"preview":{"Children":{"index.js":{"Children":null,"Asset":{"ContentRootIndex":0,"SubPath":"assets/vendor/tinymce/plugins/preview/index.js"},"Patterns":null},"plugin.js":{"Children":null,"Asset":{"ContentRootIndex":0,"SubPath":"assets/vendor/tinymce/plugins/preview/plugin.js"},"Patterns":null},"plugin.min.js":{"Children":null,"Asset":{"ContentRootIndex":0,"SubPath":"assets/vendor/tinymce/plugins/preview/plugin.min.js"},"Patterns":null}},"Asset":null,"Patterns":null},"quickbars":{"Children":{"index.js":{"Children":null,"Asset":{"ContentRootIndex":0,"SubPath":"assets/vendor/tinymce/plugins/quickbars/index.js"},"Patterns":null},"plugin.js":{"Children":null,"Asset":{"ContentRootIndex":0,"SubPath":"assets/vendor/tinymce/plugins/quickbars/plugin.js"},"Patterns":null},"plugin.min.js":{"Children":null,"Asset":{"ContentRootIndex":0,"SubPath":"assets/vendor/tinymce/plugins/quickbars/plugin.min.js"},"Patterns":null}},"Asset":null,"Patterns":null},"save":{"Children":{"index.js":{"Children":null,"Asset":{"ContentRootIndex":0,"SubPath":"assets/vendor/tinymce/plugins/save/index.js"},"Patterns":null},"plugin.js":{"Children":null,"Asset":{"ContentRootIndex":0,"SubPath":"assets/vendor/tinymce/plugins/save/plugin.js"},"Patterns":null},"plugin.min.js":{"Children":null,"Asset":{"ContentRootIndex":0,"SubPath":"assets/vendor/tinymce/plugins/save/plugin.min.js"},"Patterns":null}},"Asset":null,"Patterns":null},"searchreplace":{"Children":{"index.js":{"Children":null,"Asset":{"ContentRootIndex":0,"SubPath":"assets/vendor/tinymce/plugins/searchreplace/index.js"},"Patterns":null},"plugin.js":{"Children":null,"Asset":{"ContentRootIndex":0,"SubPath":"assets/vendor/tinymce/plugins/searchreplace/plugin.js"},"Patterns":null},"plugin.min.js":{"Children":null,"Asset":{"ContentRootIndex":0,"SubPath":"assets/vendor/tinymce/plugins/searchreplace/plugin.min.js"},"Patterns":null}},"Asset":null,"Patterns":null},"table":{"Children":{"index.js":{"Children":null,"Asset":{"ContentRootIndex":0,"SubPath":"assets/vendor/tinymce/plugins/table/index.js"},"Patterns":null},"plugin.js":{"Children":null,"Asset":{"ContentRootIndex":0,"SubPath":"assets/vendor/tinymce/plugins/table/plugin.js"},"Patterns":null},"plugin.min.js":{"Children":null,"Asset":{"ContentRootIndex":0,"SubPath":"assets/vendor/tinymce/plugins/table/plugin.min.js"},"Patterns":null}},"Asset":null,"Patterns":null},"template":{"Children":{"index.js":{"Children":null,"Asset":{"ContentRootIndex":0,"SubPath":"assets/vendor/tinymce/plugins/template/index.js"},"Patterns":null},"plugin.js":{"Children":null,"Asset":{"ContentRootIndex":0,"SubPath":"assets/vendor/tinymce/plugins/template/plugin.js"},"Patterns":null},"plugin.min.js":{"Children":null,"Asset":{"ContentRootIndex":0,"SubPath":"assets/vendor/tinymce/plugins/template/plugin.min.js"},"Patterns":null}},"Asset":null,"Patterns":null},"visualblocks":{"Children":{"index.js":{"Children":null,"Asset":{"ContentRootIndex":0,"SubPath":"assets/vendor/tinymce/plugins/visualblocks/index.js"},"Patterns":null},"plugin.js":{"Children":null,"Asset":{"ContentRootIndex":0,"SubPath":"assets/vendor/tinymce/plugins/visualblocks/plugin.js"},"Patterns":null},"plugin.min.js":{"Children":null,"Asset":{"ContentRootIndex":0,"SubPath":"assets/vendor/tinymce/plugins/visualblocks/plugin.min.js"},"Patterns":null}},"Asset":null,"Patterns":null},"visualchars":{"Children":{"index.js":{"Children":null,"Asset":{"ContentRootIndex":0,"SubPath":"assets/vendor/tinymce/plugins/visualchars/index.js"},"Patterns":null},"plugin.js":{"Children":null,"Asset":{"ContentRootIndex":0,"SubPath":"assets/vendor/tinymce/plugins/visualchars/plugin.js"},"Patterns":null},"plugin.min.js":{"Children":null,"Asset":{"ContentRootIndex":0,"SubPath":"assets/vendor/tinymce/plugins/visualchars/plugin.min.js"},"Patterns":null}},"Asset":null,"Patterns":null},"wordcount":{"Children":{"index.js":{"Children":null,"Asset":{"ContentRootIndex":0,"SubPath":"assets/vendor/tinymce/plugins/wordcount/index.js"},"Patterns":null},"plugin.js":{"Children":null,"Asset":{"ContentRootIndex":0,"SubPath":"assets/vendor/tinymce/plugins/wordcount/plugin.js"},"Patterns":null},"plugin.min.js":{"Children":null,"Asset":{"ContentRootIndex":0,"SubPath":"assets/vendor/tinymce/plugins/wordcount/plugin.min.js"},"Patterns":null}},"Asset":null,"Patterns":null}},"Asset":null,"Patterns":null},"README.md":{"Children":null,"Asset":{"ContentRootIndex":0,"SubPath":"assets/vendor/tinymce/README.md"},"Patterns":null},"skins":{"Children":{"content":{"Children":{"dark":{"Children":{"content.css":{"Children":null,"Asset":{"ContentRootIndex":0,"SubPath":"assets/vendor/tinymce/skins/content/dark/content.css"},"Patterns":null},"content.min.css":{"Children":null,"Asset":{"ContentRootIndex":0,"SubPath":"assets/vendor/tinymce/skins/content/dark/content.min.css"},"Patterns":null}},"Asset":null,"Patterns":null},"default":{"Children":{"content.css":{"Children":null,"Asset":{"ContentRootIndex":0,"SubPath":"assets/vendor/tinymce/skins/content/default/content.css"},"Patterns":null},"content.min.css":{"Children":null,"Asset":{"ContentRootIndex":0,"SubPath":"assets/vendor/tinymce/skins/content/default/content.min.css"},"Patterns":null}},"Asset":null,"Patterns":null},"document":{"Children":{"content.css":{"Children":null,"Asset":{"ContentRootIndex":0,"SubPath":"assets/vendor/tinymce/skins/content/document/content.css"},"Patterns":null},"content.min.css":{"Children":null,"Asset":{"ContentRootIndex":0,"SubPath":"assets/vendor/tinymce/skins/content/document/content.min.css"},"Patterns":null}},"Asset":null,"Patterns":null},"tinymce-5-dark":{"Children":{"content.css":{"Children":null,"Asset":{"ContentRootIndex":0,"SubPath":"assets/vendor/tinymce/skins/content/tinymce-5-dark/content.css"},"Patterns":null},"content.min.css":{"Children":null,"Asset":{"ContentRootIndex":0,"SubPath":"assets/vendor/tinymce/skins/content/tinymce-5-dark/content.min.css"},"Patterns":null}},"Asset":null,"Patterns":null},"tinymce-5":{"Children":{"content.css":{"Children":null,"Asset":{"ContentRootIndex":0,"SubPath":"assets/vendor/tinymce/skins/content/tinymce-5/content.css"},"Patterns":null},"content.min.css":{"Children":null,"Asset":{"ContentRootIndex":0,"SubPath":"assets/vendor/tinymce/skins/content/tinymce-5/content.min.css"},"Patterns":null}},"Asset":null,"Patterns":null},"writer":{"Children":{"content.css":{"Children":null,"Asset":{"ContentRootIndex":0,"SubPath":"assets/vendor/tinymce/skins/content/writer/content.css"},"Patterns":null},"content.min.css":{"Children":null,"Asset":{"ContentRootIndex":0,"SubPath":"assets/vendor/tinymce/skins/content/writer/content.min.css"},"Patterns":null}},"Asset":null,"Patterns":null}},"Asset":null,"Patterns":null},"ui":{"Children":{"oxide-dark":{"Children":{"content.css":{"Children":null,"Asset":{"ContentRootIndex":0,"SubPath":"assets/vendor/tinymce/skins/ui/oxide-dark/content.css"},"Patterns":null},"content.inline.css":{"Children":null,"Asset":{"ContentRootIndex":0,"SubPath":"assets/vendor/tinymce/skins/ui/oxide-dark/content.inline.css"},"Patterns":null},"content.inline.min.css":{"Children":null,"Asset":{"ContentRootIndex":0,"SubPath":"assets/vendor/tinymce/skins/ui/oxide-dark/content.inline.min.css"},"Patterns":null},"content.min.css":{"Children":null,"Asset":{"ContentRootIndex":0,"SubPath":"assets/vendor/tinymce/skins/ui/oxide-dark/content.min.css"},"Patterns":null},"skin.css":{"Children":null,"Asset":{"ContentRootIndex":0,"SubPath":"assets/vendor/tinymce/skins/ui/oxide-dark/skin.css"},"Patterns":null},"skin.min.css":{"Children":null,"Asset":{"ContentRootIndex":0,"SubPath":"assets/vendor/tinymce/skins/ui/oxide-dark/skin.min.css"},"Patterns":null},"skin.shadowdom.css":{"Children":null,"Asset":{"ContentRootIndex":0,"SubPath":"assets/vendor/tinymce/skins/ui/oxide-dark/skin.shadowdom.css"},"Patterns":null},"skin.shadowdom.min.css":{"Children":null,"Asset":{"ContentRootIndex":0,"SubPath":"assets/vendor/tinymce/skins/ui/oxide-dark/skin.shadowdom.min.css"},"Patterns":null}},"Asset":null,"Patterns":null},"oxide":{"Children":{"content.css":{"Children":null,"Asset":{"ContentRootIndex":0,"SubPath":"assets/vendor/tinymce/skins/ui/oxide/content.css"},"Patterns":null},"content.inline.css":{"Children":null,"Asset":{"ContentRootIndex":0,"SubPath":"assets/vendor/tinymce/skins/ui/oxide/content.inline.css"},"Patterns":null},"content.inline.min.css":{"Children":null,"Asset":{"ContentRootIndex":0,"SubPath":"assets/vendor/tinymce/skins/ui/oxide/content.inline.min.css"},"Patterns":null},"content.min.css":{"Children":null,"Asset":{"ContentRootIndex":0,"SubPath":"assets/vendor/tinymce/skins/ui/oxide/content.min.css"},"Patterns":null},"skin.css":{"Children":null,"Asset":{"ContentRootIndex":0,"SubPath":"assets/vendor/tinymce/skins/ui/oxide/skin.css"},"Patterns":null},"skin.min.css":{"Children":null,"Asset":{"ContentRootIndex":0,"SubPath":"assets/vendor/tinymce/skins/ui/oxide/skin.min.css"},"Patterns":null},"skin.shadowdom.css":{"Children":null,"Asset":{"ContentRootIndex":0,"SubPath":"assets/vendor/tinymce/skins/ui/oxide/skin.shadowdom.css"},"Patterns":null},"skin.shadowdom.min.css":{"Children":null,"Asset":{"ContentRootIndex":0,"SubPath":"assets/vendor/tinymce/skins/ui/oxide/skin.shadowdom.min.css"},"Patterns":null}},"Asset":null,"Patterns":null},"tinymce-5-dark":{"Children":{"content.css":{"Children":null,"Asset":{"ContentRootIndex":0,"SubPath":"assets/vendor/tinymce/skins/ui/tinymce-5-dark/content.css"},"Patterns":null},"content.inline.css":{"Children":null,"Asset":{"ContentRootIndex":0,"SubPath":"assets/vendor/tinymce/skins/ui/tinymce-5-dark/content.inline.css"},"Patterns":null},"content.inline.min.css":{"Children":null,"Asset":{"ContentRootIndex":0,"SubPath":"assets/vendor/tinymce/skins/ui/tinymce-5-dark/content.inline.min.css"},"Patterns":null},"content.min.css":{"Children":null,"Asset":{"ContentRootIndex":0,"SubPath":"assets/vendor/tinymce/skins/ui/tinymce-5-dark/content.min.css"},"Patterns":null},"skin.css":{"Children":null,"Asset":{"ContentRootIndex":0,"SubPath":"assets/vendor/tinymce/skins/ui/tinymce-5-dark/skin.css"},"Patterns":null},"skin.min.css":{"Children":null,"Asset":{"ContentRootIndex":0,"SubPath":"assets/vendor/tinymce/skins/ui/tinymce-5-dark/skin.min.css"},"Patterns":null},"skin.shadowdom.css":{"Children":null,"Asset":{"ContentRootIndex":0,"SubPath":"assets/vendor/tinymce/skins/ui/tinymce-5-dark/skin.shadowdom.css"},"Patterns":null},"skin.shadowdom.min.css":{"Children":null,"Asset":{"ContentRootIndex":0,"SubPath":"assets/vendor/tinymce/skins/ui/tinymce-5-dark/skin.shadowdom.min.css"},"Patterns":null}},"Asset":null,"Patterns":null},"tinymce-5":{"Children":{"content.css":{"Children":null,"Asset":{"ContentRootIndex":0,"SubPath":"assets/vendor/tinymce/skins/ui/tinymce-5/content.css"},"Patterns":null},"content.inline.css":{"Children":null,"Asset":{"ContentRootIndex":0,"SubPath":"assets/vendor/tinymce/skins/ui/tinymce-5/content.inline.css"},"Patterns":null},"content.inline.min.css":{"Children":null,"Asset":{"ContentRootIndex":0,"SubPath":"assets/vendor/tinymce/skins/ui/tinymce-5/content.inline.min.css"},"Patterns":null},"content.min.css":{"Children":null,"Asset":{"ContentRootIndex":0,"SubPath":"assets/vendor/tinymce/skins/ui/tinymce-5/content.min.css"},"Patterns":null},"skin.css":{"Children":null,"Asset":{"ContentRootIndex":0,"SubPath":"assets/vendor/tinymce/skins/ui/tinymce-5/skin.css"},"Patterns":null},"skin.min.css":{"Children":null,"Asset":{"ContentRootIndex":0,"SubPath":"assets/vendor/tinymce/skins/ui/tinymce-5/skin.min.css"},"Patterns":null},"skin.shadowdom.css":{"Children":null,"Asset":{"ContentRootIndex":0,"SubPath":"assets/vendor/tinymce/skins/ui/tinymce-5/skin.shadowdom.css"},"Patterns":null},"skin.shadowdom.min.css":{"Children":null,"Asset":{"ContentRootIndex":0,"SubPath":"assets/vendor/tinymce/skins/ui/tinymce-5/skin.shadowdom.min.css"},"Patterns":null}},"Asset":null,"Patterns":null}},"Asset":null,"Patterns":null}},"Asset":null,"Patterns":null},"themes":{"Children":{"silver":{"Children":{"index.js":{"Children":null,"Asset":{"ContentRootIndex":0,"SubPath":"assets/vendor/tinymce/themes/silver/index.js"},"Patterns":null},"theme.js":{"Children":null,"Asset":{"ContentRootIndex":0,"SubPath":"assets/vendor/tinymce/themes/silver/theme.js"},"Patterns":null},"theme.min.js":{"Children":null,"Asset":{"ContentRootIndex":0,"SubPath":"assets/vendor/tinymce/themes/silver/theme.min.js"},"Patterns":null}},"Asset":null,"Patterns":null}},"Asset":null,"Patterns":null},"tinymce.d.ts":{"Children":null,"Asset":{"ContentRootIndex":0,"SubPath":"assets/vendor/tinymce/tinymce.d.ts"},"Patterns":null},"tinymce.js":{"Children":null,"Asset":{"ContentRootIndex":0,"SubPath":"assets/vendor/tinymce/tinymce.js"},"Patterns":null},"tinymce.min.js":{"Children":null,"Asset":{"ContentRootIndex":0,"SubPath":"assets/vendor/tinymce/tinymce.min.js"},"Patterns":null}},"Asset":null,"Patterns":null},"waypoints":{"Children":{"noframework.waypoints.js":{"Children":null,"Asset":{"ContentRootIndex":0,"SubPath":"assets/vendor/waypoints/noframework.waypoints.js"},"Patterns":null}},"Asset":null,"Patterns":null}},"Asset":null,"Patterns":null}},"Asset":null,"Patterns":null},"favicon.ico":{"Children":null,"Asset":{"ContentRootIndex":0,"SubPath":"favicon.ico"},"Patterns":null},"lib":{"Children":{"bootstrap":{"Children":{"dist":{"Children":{"css":{"Children":{"bootstrap-grid.css":{"Children":null,"Asset":{"ContentRootIndex":0,"SubPath":"lib/bootstrap/dist/css/bootstrap-grid.css"},"Patterns":null},"bootstrap-grid.css.map":{"Children":null,"Asset":{"ContentRootIndex":0,"SubPath":"lib/bootstrap/dist/css/bootstrap-grid.css.map"},"Patterns":null},"bootstrap-grid.min.css":{"Children":null,"Asset":{"ContentRootIndex":0,"SubPath":"lib/bootstrap/dist/css/bootstrap-grid.min.css"},"Patterns":null},"bootstrap-grid.min.css.map":{"Children":null,"Asset":{"ContentRootIndex":0,"SubPath":"lib/bootstrap/dist/css/bootstrap-grid.min.css.map"},"Patterns":null},"bootstrap-grid.rtl.css":{"Children":null,"Asset":{"ContentRootIndex":0,"SubPath":"lib/bootstrap/dist/css/bootstrap-grid.rtl.css"},"Patterns":null},"bootstrap-grid.rtl.css.map":{"Children":null,"Asset":{"ContentRootIndex":0,"SubPath":"lib/bootstrap/dist/css/bootstrap-grid.rtl.css.map"},"Patterns":null},"bootstrap-grid.rtl.min.css":{"Children":null,"Asset":{"ContentRootIndex":0,"SubPath":"lib/bootstrap/dist/css/bootstrap-grid.rtl.min.css"},"Patterns":null},"bootstrap-grid.rtl.min.css.map":{"Children":null,"Asset":{"ContentRootIndex":0,"SubPath":"lib/bootstrap/dist/css/bootstrap-grid.rtl.min.css.map"},"Patterns":null},"bootstrap-reboot.css":{"Children":null,"Asset":{"ContentRootIndex":0,"SubPath":"lib/bootstrap/dist/css/bootstrap-reboot.css"},"Patterns":null},"bootstrap-reboot.css.map":{"Children":null,"Asset":{"ContentRootIndex":0,"SubPath":"lib/bootstrap/dist/css/bootstrap-reboot.css.map"},"Patterns":null},"bootstrap-reboot.min.css":{"Children":null,"Asset":{"ContentRootIndex":0,"SubPath":"lib/bootstrap/dist/css/bootstrap-reboot.min.css"},"Patterns":null},"bootstrap-reboot.min.css.map":{"Children":null,"Asset":{"ContentRootIndex":0,"SubPath":"lib/bootstrap/dist/css/bootstrap-reboot.min.css.map"},"Patterns":null},"bootstrap-reboot.rtl.css":{"Children":null,"Asset":{"ContentRootIndex":0,"SubPath":"lib/bootstrap/dist/css/bootstrap-reboot.rtl.css"},"Patterns":null},"bootstrap-reboot.rtl.css.map":{"Children":null,"Asset":{"ContentRootIndex":0,"SubPath":"lib/bootstrap/dist/css/bootstrap-reboot.rtl.css.map"},"Patterns":null},"bootstrap-reboot.rtl.min.css":{"Children":null,"Asset":{"ContentRootIndex":0,"SubPath":"lib/bootstrap/dist/css/bootstrap-reboot.rtl.min.css"},"Patterns":null},"bootstrap-reboot.rtl.min.css.map":{"Children":null,"Asset":{"ContentRootIndex":0,"SubPath":"lib/bootstrap/dist/css/bootstrap-reboot.rtl.min.css.map"},"Patterns":null},"bootstrap-utilities.css":{"Children":null,"Asset":{"ContentRootIndex":0,"SubPath":"lib/bootstrap/dist/css/bootstrap-utilities.css"},"Patterns":null},"bootstrap-utilities.css.map":{"Children":null,"Asset":{"ContentRootIndex":0,"SubPath":"lib/bootstrap/dist/css/bootstrap-utilities.css.map"},"Patterns":null},"bootstrap-utilities.min.css":{"Children":null,"Asset":{"ContentRootIndex":0,"SubPath":"lib/bootstrap/dist/css/bootstrap-utilities.min.css"},"Patterns":null},"bootstrap-utilities.min.css.map":{"Children":null,"Asset":{"ContentRootIndex":0,"SubPath":"lib/bootstrap/dist/css/bootstrap-utilities.min.css.map"},"Patterns":null},"bootstrap-utilities.rtl.css":{"Children":null,"Asset":{"ContentRootIndex":0,"SubPath":"lib/bootstrap/dist/css/bootstrap-utilities.rtl.css"},"Patterns":null},"bootstrap-utilities.rtl.css.map":{"Children":null,"Asset":{"ContentRootIndex":0,"SubPath":"lib/bootstrap/dist/css/bootstrap-utilities.rtl.css.map"},"Patterns":null},"bootstrap-utilities.rtl.min.css":{"Children":null,"Asset":{"ContentRootIndex":0,"SubPath":"lib/bootstrap/dist/css/bootstrap-utilities.rtl.min.css"},"Patterns":null},"bootstrap-utilities.rtl.min.css.map":{"Children":null,"Asset":{"ContentRootIndex":0,"SubPath":"lib/bootstrap/dist/css/bootstrap-utilities.rtl.min.css.map"},"Patterns":null},"bootstrap.css":{"Children":null,"Asset":{"ContentRootIndex":0,"SubPath":"lib/bootstrap/dist/css/bootstrap.css"},"Patterns":null},"bootstrap.css.map":{"Children":null,"Asset":{"ContentRootIndex":0,"SubPath":"lib/bootstrap/dist/css/bootstrap.css.map"},"Patterns":null},"bootstrap.min.css":{"Children":null,"Asset":{"ContentRootIndex":0,"SubPath":"lib/bootstrap/dist/css/bootstrap.min.css"},"Patterns":null},"bootstrap.min.css.map":{"Children":null,"Asset":{"ContentRootIndex":0,"SubPath":"lib/bootstrap/dist/css/bootstrap.min.css.map"},"Patterns":null},"bootstrap.rtl.css":{"Children":null,"Asset":{"ContentRootIndex":0,"SubPath":"lib/bootstrap/dist/css/bootstrap.rtl.css"},"Patterns":null},"bootstrap.rtl.css.map":{"Children":null,"Asset":{"ContentRootIndex":0,"SubPath":"lib/bootstrap/dist/css/bootstrap.rtl.css.map"},"Patterns":null},"bootstrap.rtl.min.css":{"Children":null,"Asset":{"ContentRootIndex":0,"SubPath":"lib/bootstrap/dist/css/bootstrap.rtl.min.css"},"Patterns":null},"bootstrap.rtl.min.css.map":{"Children":null,"Asset":{"ContentRootIndex":0,"SubPath":"lib/bootstrap/dist/css/bootstrap.rtl.min.css.map"},"Patterns":null}},"Asset":null,"Patterns":null},"js":{"Children":{"bootstrap.bundle.js":{"Children":null,"Asset":{"ContentRootIndex":0,"SubPath":"lib/bootstrap/dist/js/bootstrap.bundle.js"},"Patterns":null},"bootstrap.bundle.js.map":{"Children":null,"Asset":{"ContentRootIndex":0,"SubPath":"lib/bootstrap/dist/js/bootstrap.bundle.js.map"},"Patterns":null},"bootstrap.bundle.min.js":{"Children":null,"Asset":{"ContentRootIndex":0,"SubPath":"lib/bootstrap/dist/js/bootstrap.bundle.min.js"},"Patterns":null},"bootstrap.bundle.min.js.map":{"Children":null,"Asset":{"ContentRootIndex":0,"SubPath":"lib/bootstrap/dist/js/bootstrap.bundle.min.js.map"},"Patterns":null},"bootstrap.esm.js":{"Children":null,"Asset":{"ContentRootIndex":0,"SubPath":"lib/bootstrap/dist/js/bootstrap.esm.js"},"Patterns":null},"bootstrap.esm.js.map":{"Children":null,"Asset":{"ContentRootIndex":0,"SubPath":"lib/bootstrap/dist/js/bootstrap.esm.js.map"},"Patterns":null},"bootstrap.esm.min.js":{"Children":null,"Asset":{"ContentRootIndex":0,"SubPath":"lib/bootstrap/dist/js/bootstrap.esm.min.js"},"Patterns":null},"bootstrap.esm.min.js.map":{"Children":null,"Asset":{"ContentRootIndex":0,"SubPath":"lib/bootstrap/dist/js/bootstrap.esm.min.js.map"},"Patterns":null},"bootstrap.js":{"Children":null,"Asset":{"ContentRootIndex":0,"SubPath":"lib/bootstrap/dist/js/bootstrap.js"},"Patterns":null},"bootstrap.js.map":{"Children":null,"Asset":{"ContentRootIndex":0,"SubPath":"lib/bootstrap/dist/js/bootstrap.js.map"},"Patterns":null},"bootstrap.min.js":{"Children":null,"Asset":{"ContentRootIndex":0,"SubPath":"lib/bootstrap/dist/js/bootstrap.min.js"},"Patterns":null},"bootstrap.min.js.map":{"Children":null,"Asset":{"ContentRootIndex":0,"SubPath":"lib/bootstrap/dist/js/bootstrap.min.js.map"},"Patterns":null}},"Asset":null,"Patterns":null}},"Asset":null,"Patterns":null},"LICENSE":{"Children":null,"Asset":{"ContentRootIndex":0,"SubPath":"lib/bootstrap/LICENSE"},"Patterns":null}},"Asset":null,"Patterns":null},"jquery-validation-unobtrusive":{"Children":{"jquery.validate.unobtrusive.js":{"Children":null,"Asset":{"ContentRootIndex":0,"SubPath":"lib/jquery-validation-unobtrusive/jquery.validate.unobtrusive.js"},"Patterns":null},"jquery.validate.unobtrusive.min.js":{"Children":null,"Asset":{"ContentRootIndex":0,"SubPath":"lib/jquery-validation-unobtrusive/jquery.validate.unobtrusive.min.js"},"Patterns":null},"LICENSE.txt":{"Children":null,"Asset":{"ContentRootIndex":0,"SubPath":"lib/jquery-validation-unobtrusive/LICENSE.txt"},"Patterns":null}},"Asset":null,"Patterns":null},"jquery-validation":{"Children":{"dist":{"Children":{"additional-methods.js":{"Children":null,"Asset":{"ContentRootIndex":0,"SubPath":"lib/jquery-validation/dist/additional-methods.js"},"Patterns":null},"additional-methods.min.js":{"Children":null,"Asset":{"ContentRootIndex":0,"SubPath":"lib/jquery-validation/dist/additional-methods.min.js"},"Patterns":null},"jquery.validate.js":{"Children":null,"Asset":{"ContentRootIndex":0,"SubPath":"lib/jquery-validation/dist/jquery.validate.js"},"Patterns":null},"jquery.validate.min.js":{"Children":null,"Asset":{"ContentRootIndex":0,"SubPath":"lib/jquery-validation/dist/jquery.validate.min.js"},"Patterns":null}},"Asset":null,"Patterns":null},"LICENSE.md":{"Children":null,"Asset":{"ContentRootIndex":0,"SubPath":"lib/jquery-validation/LICENSE.md"},"Patterns":null}},"Asset":null,"Patterns":null},"jquery":{"Children":{"dist":{"Children":{"jquery.js":{"Children":null,"Asset":{"ContentRootIndex":0,"SubPath":"lib/jquery/dist/jquery.js"},"Patterns":null},"jquery.min.js":{"Children":null,"Asset":{"ContentRootIndex":0,"SubPath":"lib/jquery/dist/jquery.min.js"},"Patterns":null},"jquery.min.map":{"Children":null,"Asset":{"ContentRootIndex":0,"SubPath":"lib/jquery/dist/jquery.min.map"},"Patterns":null}},"Asset":null,"Patterns":null},"LICENSE.txt":{"Children":null,"Asset":{"ContentRootIndex":0,"SubPath":"lib/jquery/LICENSE.txt"},"Patterns":null}},"Asset":null,"Patterns":null}},"Asset":null,"Patterns":null},"manifest.json":{"Children":null,"Asset":{"ContentRootIndex":0,"SubPath":"manifest.json"},"Patterns":null},"Identity":{"Children":{"css":{"Children":{"site.css":{"Children":null,"Asset":{"ContentRootIndex":1,"SubPath":"css/site.css"},"Patterns":null}},"Asset":null,"Patterns":null},"favicon.ico":{"Children":null,"Asset":{"ContentRootIndex":1,"SubPath":"favicon.ico"},"Patterns":null},"js":{"Children":{"site.js":{"Children":null,"Asset":{"ContentRootIndex":1,"SubPath":"js/site.js"},"Patterns":null}},"Asset":null,"Patterns":null},"lib":{"Children":{"bootstrap":{"Children":{"dist":{"Children":{"css":{"Children":{"bootstrap-grid.css":{"Children":null,"Asset":{"ContentRootIndex":1,"SubPath":"lib/bootstrap/dist/css/bootstrap-grid.css"},"Patterns":null},"bootstrap-grid.css.map":{"Children":null,"Asset":{"ContentRootIndex":1,"SubPath":"lib/bootstrap/dist/css/bootstrap-grid.css.map"},"Patterns":null},"bootstrap-grid.min.css":{"Children":null,"Asset":{"ContentRootIndex":1,"SubPath":"lib/bootstrap/dist/css/bootstrap-grid.min.css"},"Patterns":null},"bootstrap-grid.min.css.map":{"Children":null,"Asset":{"ContentRootIndex":1,"SubPath":"lib/bootstrap/dist/css/bootstrap-grid.min.css.map"},"Patterns":null},"bootstrap-grid.rtl.css":{"Children":null,"Asset":{"ContentRootIndex":1,"SubPath":"lib/bootstrap/dist/css/bootstrap-grid.rtl.css"},"Patterns":null},"bootstrap-grid.rtl.css.map":{"Children":null,"Asset":{"ContentRootIndex":1,"SubPath":"lib/bootstrap/dist/css/bootstrap-grid.rtl.css.map"},"Patterns":null},"bootstrap-grid.rtl.min.css":{"Children":null,"Asset":{"ContentRootIndex":1,"SubPath":"lib/bootstrap/dist/css/bootstrap-grid.rtl.min.css"},"Patterns":null},"bootstrap-grid.rtl.min.css.map":{"Children":null,"Asset":{"ContentRootIndex":1,"SubPath":"lib/bootstrap/dist/css/bootstrap-grid.rtl.min.css.map"},"Patterns":null},"bootstrap-reboot.css":{"Children":null,"Asset":{"ContentRootIndex":1,"SubPath":"lib/bootstrap/dist/css/bootstrap-reboot.css"},"Patterns":null},"bootstrap-reboot.css.map":{"Children":null,"Asset":{"ContentRootIndex":1,"SubPath":"lib/bootstrap/dist/css/bootstrap-reboot.css.map"},"Patterns":null},"bootstrap-reboot.min.css":{"Children":null,"Asset":{"ContentRootIndex":1,"SubPath":"lib/bootstrap/dist/css/bootstrap-reboot.min.css"},"Patterns":null},"bootstrap-reboot.min.css.map":{"Children":null,"Asset":{"ContentRootIndex":1,"SubPath":"lib/bootstrap/dist/css/bootstrap-reboot.min.css.map"},"Patterns":null},"bootstrap-reboot.rtl.css":{"Children":null,"Asset":{"ContentRootIndex":1,"SubPath":"lib/bootstrap/dist/css/bootstrap-reboot.rtl.css"},"Patterns":null},"bootstrap-reboot.rtl.css.map":{"Children":null,"Asset":{"ContentRootIndex":1,"SubPath":"lib/bootstrap/dist/css/bootstrap-reboot.rtl.css.map"},"Patterns":null},"bootstrap-reboot.rtl.min.css":{"Children":null,"Asset":{"ContentRootIndex":1,"SubPath":"lib/bootstrap/dist/css/bootstrap-reboot.rtl.min.css"},"Patterns":null},"bootstrap-reboot.rtl.min.css.map":{"Children":null,"Asset":{"ContentRootIndex":1,"SubPath":"lib/bootstrap/dist/css/bootstrap-reboot.rtl.min.css.map"},"Patterns":null},"bootstrap-utilities.css":{"Children":null,"Asset":{"ContentRootIndex":1,"SubPath":"lib/bootstrap/dist/css/bootstrap-utilities.css"},"Patterns":null},"bootstrap-utilities.css.map":{"Children":null,"Asset":{"ContentRootIndex":1,"SubPath":"lib/bootstrap/dist/css/bootstrap-utilities.css.map"},"Patterns":null},"bootstrap-utilities.min.css":{"Children":null,"Asset":{"ContentRootIndex":1,"SubPath":"lib/bootstrap/dist/css/bootstrap-utilities.min.css"},"Patterns":null},"bootstrap-utilities.min.css.map":{"Children":null,"Asset":{"ContentRootIndex":1,"SubPath":"lib/bootstrap/dist/css/bootstrap-utilities.min.css.map"},"Patterns":null},"bootstrap-utilities.rtl.css":{"Children":null,"Asset":{"ContentRootIndex":1,"SubPath":"lib/bootstrap/dist/css/bootstrap-utilities.rtl.css"},"Patterns":null},"bootstrap-utilities.rtl.css.map":{"Children":null,"Asset":{"ContentRootIndex":1,"SubPath":"lib/bootstrap/dist/css/bootstrap-utilities.rtl.css.map"},"Patterns":null},"bootstrap-utilities.rtl.min.css":{"Children":null,"Asset":{"ContentRootIndex":1,"SubPath":"lib/bootstrap/dist/css/bootstrap-utilities.rtl.min.css"},"Patterns":null},"bootstrap-utilities.rtl.min.css.map":{"Children":null,"Asset":{"ContentRootIndex":1,"SubPath":"lib/bootstrap/dist/css/bootstrap-utilities.rtl.min.css.map"},"Patterns":null},"bootstrap.css":{"Children":null,"Asset":{"ContentRootIndex":1,"SubPath":"lib/bootstrap/dist/css/bootstrap.css"},"Patterns":null},"bootstrap.css.map":{"Children":null,"Asset":{"ContentRootIndex":1,"SubPath":"lib/bootstrap/dist/css/bootstrap.css.map"},"Patterns":null},"bootstrap.min.css":{"Children":null,"Asset":{"ContentRootIndex":1,"SubPath":"lib/bootstrap/dist/css/bootstrap.min.css"},"Patterns":null},"bootstrap.min.css.map":{"Children":null,"Asset":{"ContentRootIndex":1,"SubPath":"lib/bootstrap/dist/css/bootstrap.min.css.map"},"Patterns":null},"bootstrap.rtl.css":{"Children":null,"Asset":{"ContentRootIndex":1,"SubPath":"lib/bootstrap/dist/css/bootstrap.rtl.css"},"Patterns":null},"bootstrap.rtl.css.map":{"Children":null,"Asset":{"ContentRootIndex":1,"SubPath":"lib/bootstrap/dist/css/bootstrap.rtl.css.map"},"Patterns":null},"bootstrap.rtl.min.css":{"Children":null,"Asset":{"ContentRootIndex":1,"SubPath":"lib/bootstrap/dist/css/bootstrap.rtl.min.css"},"Patterns":null},"bootstrap.rtl.min.css.map":{"Children":null,"Asset":{"ContentRootIndex":1,"SubPath":"lib/bootstrap/dist/css/bootstrap.rtl.min.css.map"},"Patterns":null}},"Asset":null,"Patterns":null},"js":{"Children":{"bootstrap.bundle.js":{"Children":null,"Asset":{"ContentRootIndex":1,"SubPath":"lib/bootstrap/dist/js/bootstrap.bundle.js"},"Patterns":null},"bootstrap.bundle.js.map":{"Children":null,"Asset":{"ContentRootIndex":1,"SubPath":"lib/bootstrap/dist/js/bootstrap.bundle.js.map"},"Patterns":null},"bootstrap.bundle.min.js":{"Children":null,"Asset":{"ContentRootIndex":1,"SubPath":"lib/bootstrap/dist/js/bootstrap.bundle.min.js"},"Patterns":null},"bootstrap.bundle.min.js.map":{"Children":null,"Asset":{"ContentRootIndex":1,"SubPath":"lib/bootstrap/dist/js/bootstrap.bundle.min.js.map"},"Patterns":null},"bootstrap.esm.js":{"Children":null,"Asset":{"ContentRootIndex":1,"SubPath":"lib/bootstrap/dist/js/bootstrap.esm.js"},"Patterns":null},"bootstrap.esm.js.map":{"Children":null,"Asset":{"ContentRootIndex":1,"SubPath":"lib/bootstrap/dist/js/bootstrap.esm.js.map"},"Patterns":null},"bootstrap.esm.min.js":{"Children":null,"Asset":{"ContentRootIndex":1,"SubPath":"lib/bootstrap/dist/js/bootstrap.esm.min.js"},"Patterns":null},"bootstrap.esm.min.js.map":{"Children":null,"Asset":{"ContentRootIndex":1,"SubPath":"lib/bootstrap/dist/js/bootstrap.esm.min.js.map"},"Patterns":null},"bootstrap.js":{"Children":null,"Asset":{"ContentRootIndex":1,"SubPath":"lib/bootstrap/dist/js/bootstrap.js"},"Patterns":null},"bootstrap.js.map":{"Children":null,"Asset":{"ContentRootIndex":1,"SubPath":"lib/bootstrap/dist/js/bootstrap.js.map"},"Patterns":null},"bootstrap.min.js":{"Children":null,"Asset":{"ContentRootIndex":1,"SubPath":"lib/bootstrap/dist/js/bootstrap.min.js"},"Patterns":null},"bootstrap.min.js.map":{"Children":null,"Asset":{"ContentRootIndex":1,"SubPath":"lib/bootstrap/dist/js/bootstrap.min.js.map"},"Patterns":null}},"Asset":null,"Patterns":null}},"Asset":null,"Patterns":null},"LICENSE":{"Children":null,"Asset":{"ContentRootIndex":1,"SubPath":"lib/bootstrap/LICENSE"},"Patterns":null}},"Asset":null,"Patterns":null},"jquery-validation-unobtrusive":{"Children":{"jquery.validate.unobtrusive.js":{"Children":null,"Asset":{"ContentRootIndex":1,"SubPath":"lib/jquery-validation-unobtrusive/jquery.validate.unobtrusive.js"},"Patterns":null},"jquery.validate.unobtrusive.min.js":{"Children":null,"Asset":{"ContentRootIndex":1,"SubPath":"lib/jquery-validation-unobtrusive/jquery.validate.unobtrusive.min.js"},"Patterns":null},"LICENSE.txt":{"Children":null,"Asset":{"ContentRootIndex":1,"SubPath":"lib/jquery-validation-unobtrusive/LICENSE.txt"},"Patterns":null}},"Asset":null,"Patterns":null},"jquery-validation":{"Children":{"dist":{"Children":{"additional-methods.js":{"Children":null,"Asset":{"ContentRootIndex":1,"SubPath":"lib/jquery-validation/dist/additional-methods.js"},"Patterns":null},"additional-methods.min.js":{"Children":null,"Asset":{"ContentRootIndex":1,"SubPath":"lib/jquery-validation/dist/additional-methods.min.js"},"Patterns":null},"jquery.validate.js":{"Children":null,"Asset":{"ContentRootIndex":1,"SubPath":"lib/jquery-validation/dist/jquery.validate.js"},"Patterns":null},"jquery.validate.min.js":{"Children":null,"Asset":{"ContentRootIndex":1,"SubPath":"lib/jquery-validation/dist/jquery.validate.min.js"},"Patterns":null}},"Asset":null,"Patterns":null},"LICENSE.md":{"Children":null,"Asset":{"ContentRootIndex":1,"SubPath":"lib/jquery-validation/LICENSE.md"},"Patterns":null}},"Asset":null,"Patterns":null},"jquery":{"Children":{"dist":{"Children":{"jquery.js":{"Children":null,"Asset":{"ContentRootIndex":1,"SubPath":"lib/jquery/dist/jquery.js"},"Patterns":null},"jquery.min.js":{"Children":null,"Asset":{"ContentRootIndex":1,"SubPath":"lib/jquery/dist/jquery.min.js"},"Patterns":null},"jquery.min.map":{"Children":null,"Asset":{"ContentRootIndex":1,"SubPath":"lib/jquery/dist/jquery.min.map"},"Patterns":null}},"Asset":null,"Patterns":null},"LICENSE.txt":{"Children":null,"Asset":{"ContentRootIndex":1,"SubPath":"lib/jquery/LICENSE.txt"},"Patterns":null}},"Asset":null,"Patterns":null}},"Asset":null,"Patterns":null}},"Asset":null,"Patterns":null},"KountaApp.styles.css":{"Children":null,"Asset":{"ContentRootIndex":2,"SubPath":"KountaApp.styles.css"},"Patterns":null}},"Asset":null,"Patterns":[{"ContentRootIndex":0,"Pattern":"**","Depth":0}]}}